tests/integration/test_context_to_trade_paper.py::TestPaperChain::test_real_engine_evidence_enters_fabric_only_through_sl14
tests/integration/test_context_to_trade_paper.py::TestPaperChain::test_pattern_spring_and_catalogue_admission
tests/integration/test_context_to_trade_paper.py::TestPaperChain::test_context_is_produced_not_declared
tests/integration/test_context_to_trade_paper.py::TestPaperChain::test_forecast_is_bootstrap_paper_only
tests/integration/test_context_to_trade_paper.py::TestPaperChain::test_family_cell_emits_with_all_thirteen_gates
tests/integration/test_context_to_trade_paper.py::TestPaperChain::test_playbook_stop_mathenters_the_proposal_plan
tests/integration/test_context_to_trade_paper.py::TestPaperChain::test_arbitration_produces_proposal_then_sized_plan
tests/integration/test_context_to_trade_paper.py::TestPaperChain::test_hard_veto_flips_allow_to_reject
tests/integration/test_context_to_trade_paper.py::TestPaperChain::test_stub_execution_consumes_only_the_two_shapes
tests/integration/test_context_to_trade_paper.py::TestPaperChain::test_chain_refuses_to_emit_on_empty_or_candidate_only_evidence
tests/integration/test_context_to_trade_paper.py::TestDeterminism::test_t_dr_001_engine_evidence_payload_reproduces
tests/integration/test_context_to_trade_paper.py::TestDeterminism::test_t_dr_002_stored_inputs_replay_the_whole_chain_identically
tests/integration/test_context_to_trade_paper.py::TestDeterminism::test_t_dr_003_forecast_p_u_c_replay_byte_identical
tests/integration/test_cp14_producer.py::test_g1_exact_38_23_and_unchanged_native_validators
tests/integration/test_cp14_producer.py::test_g1_full_24_field_public_store_readback_every_emitter
tests/integration/test_cp14_producer.py::test_g1_actual_twelve_native_call_order
tests/integration/test_cp14_producer.py::test_g1_canonical_json_twice_same_asof_and_cold_recovery
tests/integration/test_cp14_producer.py::test_g1_pit_late_available_bar_excluded
tests/integration/test_cp14_producer.py::test_g1_real_bridge_consumes_context_without_fabricated_plan
tests/integration/test_cp14_producer.py::test_g1_missing_classifier_and_scope_are_named_refusals
tests/integration/test_cp14_producer.py::test_bound_producer_existing_paper_loop_one_cycle_json
tests/integration/test_cp14_producer.py::test_d46_producer_records_bootstrap_p_min_and_provenance
tests/integration/test_cp2_engines.py::TestRedundancy::test_e01_e02_event_correlation
tests/integration/test_cp2_engines.py::TestRedundancy::test_e02_level_density_vs_e01_swings
tests/integration/test_cp2_engines.py::TestRedundancy::test_e02_salience_vs_instances_band
tests/integration/test_cp2_engines.py::TestRedundancy::test_e03_evr_ad_correlation
tests/integration/test_cp2_engines.py::TestRedundancy::test_e03_vwapdev_obvz_correlation
tests/integration/test_cp2_engines.py::TestSharedReplay::test_tdr_001_all_three_engines
tests/integration/test_cp2_engines.py::TestEmissionStoreDDL::test_emissions_insert_into_evidence_table
tests/integration/test_cp2_engines.py::TestEmissionStoreDDL::test_ddl_row_shape
tests/integration/test_cp3_engines.py::TestE04FeedsDownstream::test_e04_atr_series_drives_e05_gate_d
tests/integration/test_cp3_engines.py::TestE04FeedsDownstream::test_e04_atr_as_e06_volatility_evidence
tests/integration/test_cp3_engines.py::TestE05FeedsE06::test_fvg_same_dir_supplies_context_or_term
tests/integration/test_cp3_engines.py::TestE05FeedsE06::test_live_e05_zones_roundtrip_into_e06_shape
tests/integration/test_cp3_engines.py::TestCrossEngineRedundancy::test_iou_and_midpoint_gate_flags_redundant_pair
tests/integration/test_cp3_engines.py::TestEmissionsInsertIntoStore::test_e04_e05_e06_events_insert
tests/integration/test_cp3_engines.py::TestTDR001CP3::test_double_run_byte_identical_all_engines
tests/integration/test_cp3_engines.py::TestTDR001CP3::test_e06_fail_closed_without_upstream_evidence
tests/integration/test_cp4_engines.py::TestE07TemporalBranches::test_e12_absent_is_degraded_and_never_canonical
tests/integration/test_cp4_engines.py::TestE07TemporalBranches::test_stub_e12_clears_the_degradation
tests/integration/test_cp4_engines.py::TestE07TemporalBranches::test_a_failing_provider_fails_closed
tests/integration/test_cp4_engines.py::TestE07TemporalBranches::test_degradation_caps_the_quality_class_at_q4
tests/integration/test_cp4_engines.py::TestE07TemporalBranches::test_both_branches_agree_on_integrity
tests/integration/test_cp4_engines.py::TestE07TemporalBranches::test_engine_emits_valid_evidence_without_e12
tests/integration/test_cp4_engines.py::TestE08WaveOut::test_chapter_1_served_normatively
tests/integration/test_cp4_engines.py::TestE08WaveOut::test_chapters_2_to_4_wave_out[2]
tests/integration/test_cp4_engines.py::TestE08WaveOut::test_chapters_2_to_4_wave_out[3]
tests/integration/test_cp4_engines.py::TestE08WaveOut::test_chapters_2_to_4_wave_out[4]
tests/integration/test_cp4_engines.py::TestE08WaveOut::test_wave_out_does_not_leak_into_the_event_stream
tests/integration/test_cp4_engines.py::TestE08WaveOut::test_chapter1_dimensions_are_the_declared_axes
tests/integration/test_cp4_engines.py::TestE09StackAndADLine::test_four_scales_with_the_full_schema
tests/integration/test_cp4_engines.py::TestE09StackAndADLine::test_ad_line_is_the_wilder_chain
tests/integration/test_cp4_engines.py::TestE09StackAndADLine::test_alignment_follows_the_governed_bias_bands
tests/integration/test_cp4_engines.py::TestE09StackAndADLine::test_e04_governed_atr_is_consumed_not_recomputed
tests/integration/test_cp4_engines.py::TestE09StackAndADLine::test_e01_swings_drive_the_sequence_term_under_pit
tests/integration/test_cp4_engines.py::TestE09StackAndADLine::test_bos_confirmation_can_initiate_a_trend
tests/integration/test_cp4_engines.py::TestCP4EmissionsInsertIntoStore::test_all_three_engines_insert
tests/integration/test_cp4_engines.py::TestCP4EmissionsInsertIntoStore::test_duplicate_snapshot_insert_is_rejected_by_the_ddl
tests/integration/test_cp4_engines.py::TestTDR001CP4::test_double_run_byte_identical_all_engines
tests/integration/test_cp4_engines.py::TestTDR001CP4::test_streaming_replay_is_deterministic_too
tests/integration/test_cp4_engines.py::TestTDR001CP4::test_e09_stack_replay_is_deterministic
tests/integration/test_cp5_engines.py::TestE07E12BothModes::test_real_e12_resolves_the_degradation
tests/integration/test_cp5_engines.py::TestE07E12BothModes::test_degraded_mode_unchanged_without_provider
tests/integration/test_cp5_engines.py::TestE07E12BothModes::test_failing_real_provider_fails_closed
tests/integration/test_cp5_engines.py::TestE07E12BothModes::test_q5_reachable_only_on_authoritative_overlap
tests/integration/test_cp5_engines.py::TestE07E12BothModes::test_both_modes_agree_on_registry_and_sequence_math
tests/integration/test_cp5_engines.py::TestE07E12BothModes::test_8_8_utc_boundary_stability_through_e07[2024-03-09]
tests/integration/test_cp5_engines.py::TestE07E12BothModes::test_8_8_utc_boundary_stability_through_e07[2024-03-10]
tests/integration/test_cp5_engines.py::TestE07E12BothModes::test_8_8_utc_boundary_stability_through_e07[2024-03-11]
tests/integration/test_cp5_engines.py::TestE07E12BothModes::test_provider_consumed_for_every_confirm_in_a_bundle
tests/integration/test_cp5_engines.py::TestE11GateAndWaveOut::test_gate_off_by_default
tests/integration/test_cp5_engines.py::TestE11GateAndWaveOut::test_gate_only_caller_enabled
tests/integration/test_cp5_engines.py::TestE11GateAndWaveOut::test_forecast_is_wave_out
tests/integration/test_cp5_engines.py::TestE11GateAndWaveOut::test_binding_refuses_forecast_context
tests/integration/test_cp5_engines.py::TestTDR001CP5::test_double_run_byte_identical_all_engines
tests/integration/test_cp5_engines.py::TestCP5EmissionsInsertIntoStore::test_all_three_engines_insert
tests/integration/test_cp5_engines.py::TestCP5EmissionsInsertIntoStore::test_duplicate_snapshot_insert_is_rejected_by_the_ddl
tests/integration/test_cp7_paper_loop.py::TestCleanLoop::test_boot_reaches_ready_before_any_order_is_sent
tests/integration/test_cp7_paper_loop.py::TestCleanLoop::test_one_cell_runs_the_full_fsm_lifecycle_to_reconciled
tests/integration/test_cp7_paper_loop.py::TestCleanLoop::test_the_ledger_carries_the_whole_lifecycle_and_verifies
tests/integration/test_cp7_paper_loop.py::TestCleanLoop::test_a_broker_ledger_delta_blocks_new_entries_until_it_matches
tests/integration/test_cp7_paper_loop.py::TestCleanLoop::test_the_wire_received_exactly_the_five_operations
tests/integration/test_cp7_paper_loop.py::TestCleanLoop::test_money_is_text_decimal_at_the_store_boundary
tests/integration/test_cp7_paper_loop.py::TestCleanLoop::test_positions_recomputed_from_the_ledger_agree_with_the_venue
tests/integration/test_cp7_paper_loop.py::TestCleanLoop::test_the_bus_carried_the_transitions_and_the_boot
tests/integration/test_cp7_paper_loop.py::TestCleanLoop::test_the_leverage_is_the_minimum_over_all_caps
tests/integration/test_cp7_paper_loop.py::TestSchedulerInLoop::test_a_cell_close_runs_the_nine_stages_and_trades_once
tests/integration/test_cp7_paper_loop.py::TestSchedulerInLoop::test_a_full_burst_stays_inside_the_four_cell_bound
tests/integration/test_cp7_paper_loop.py::TestSchedulerInLoop::test_every_cell_trades_at_or_below_its_timeframe_cap
tests/integration/test_cp7_paper_loop.py::TestSchedulerInLoop::test_the_htf_policy_is_last_closed_only_in_every_payload
tests/integration/test_cp7_paper_loop.py::TestSchedulerInLoop::test_an_emergency_pause_stops_the_execution_stage_only
tests/integration/test_cp7_paper_loop.py::TestDriftBlocksTheLoop::test_drift_beyond_tolerance_degrades_the_boot
tests/integration/test_cp7_paper_loop.py::TestDriftBlocksTheLoop::test_e12_drift_over_500ms_also_blocks_new_trades
tests/integration/test_cp7_paper_loop.py::TestDriftBlocksTheLoop::test_no_cell_runs_and_the_venue_is_never_called
tests/integration/test_cp7_paper_loop.py::TestRecoveryInLoop::test_a_lost_ack_never_resubmits_and_raises_a_p0_alert
tests/integration/test_cp7_paper_loop.py::TestRecoveryInLoop::test_recovery_reconciliation_runs_the_seven_ai9_checks
tests/integration/test_cp7_paper_loop.py::TestRecoveryInLoop::test_a_protection_failure_closes_at_market_and_escalates
tests/integration/test_cp7_paper_loop.py::TestControlPlaneInLoop::test_a_user_cannot_reach_research_or_emergency
tests/integration/test_cp7_paper_loop.py::TestControlPlaneInLoop::test_an_owner_emergency_pause_stops_the_next_cell
tests/integration/test_cp7_paper_loop.py::TestControlPlaneInLoop::test_the_busy_guard_refuses_a_second_concurrent_run
tests/integration/test_cp7_paper_loop.py::TestControlPlaneInLoop::test_the_panic_lock_broadcasts_and_blocks_callbacks
tests/integration/test_cp7_paper_loop.py::TestControlPlaneInLoop::test_a_replayed_update_never_trades_twice
tests/integration/test_cp7_paper_loop.py::TestSignalingInLoop::test_a_confirmed_setup_signal_carries_an_in_memory_chart
tests/integration/test_cp7_paper_loop.py::TestSignalingInLoop::test_no_chart_file_is_ever_written_to_disk
tests/integration/test_cp7_paper_loop.py::TestSignalingInLoop::test_the_same_signal_is_never_sent_twice
tests/integration/test_cp7_paper_loop.py::TestSignalingInLoop::test_the_alert_audit_trail_lands_in_the_ledger
tests/integration/test_cp7_paper_loop.py::TestLoopDeterminism::test_two_independent_runs_project_identically
tests/integration/test_cp7_paper_loop.py::TestLoopDeterminism::test_no_secret_material_reaches_the_ledger_or_a_message
tests/integration/test_cp7_paper_loop.py::TestLoopDeterminism::test_the_environment_is_paper_everywhere
tests/integration/test_cp7_paper_loop.py::TestLoopDeterminism::test_the_loop_never_leaves_the_agg_backend
tests/integration/test_cp8_adapters.py::TestTAd002AdapterSeam::test_one_hundred_retries_produce_one_venue_order
tests/integration/test_cp8_adapters.py::TestTAd002AdapterSeam::test_duplicate_result_is_flagged_cached_and_not_resubmitted
tests/integration/test_cp8_adapters.py::TestTAd002AdapterSeam::test_the_retry_key_is_a_replay_key_not_the_attempt_index
tests/integration/test_cp8_adapters.py::TestTAd002AdapterSeam::test_a_lost_ack_is_recorded_on_the_venue_side
tests/integration/test_cp8_adapters.py::TestTAd001Synthetic::test_synthetic_cases_pass
tests/integration/test_cp8_adapters.py::TestTAd001Synthetic::test_every_case_is_translated_and_none_invented
tests/integration/test_cp8_adapters.py::TestTAd001Synthetic::test_the_real_data_gate_stays_open_without_an_export
tests/integration/test_cp8_adapters.py::TestTAd001Synthetic::test_a_short_owner_export_is_processed_but_the_gate_stays_open
tests/integration/test_cp8_adapters.py::TestTAd001Synthetic::test_a_corrupt_export_record_is_reported_not_hidden
tests/integration/test_cp8_adapters.py::TestTAd001Synthetic::test_absent_export_path_is_refused
tests/integration/test_cp8_adapters.py::TestTAd001Synthetic::test_summary_names_the_engines_and_the_rename
tests/integration/test_ops_paper_loop.py::test_no_provider_halts_every_cell_with_a_named_reason
tests/integration/test_ops_paper_loop.py::test_provider_none_for_the_cell_is_a_named_refusal
tests/integration/test_ops_paper_loop.py::test_engine_bridge_source_is_declared_pending
tests/integration/test_ops_paper_loop.py::test_plan_runs_submit_fill_protect_manage_and_exit
tests/integration/test_ops_paper_loop.py::test_an_unfilled_entry_stays_working_and_records_nothing
tests/integration/test_ops_paper_loop.py::test_no_market_data_is_refused_before_any_plan_is_read
tests/integration/test_ops_paper_loop.py::test_malformed_plan_is_refused_by_name
tests/integration/test_ops_paper_loop.py::test_risk_reject_and_zero_quantity_never_reach_the_venue
tests/integration/test_ops_paper_loop.py::test_disabled_interval_never_reaches_the_venue
tests/integration/test_ops_paper_loop.py::test_environment_mismatch_is_refused
tests/integration/test_ops_paper_loop.py::test_a_plan_without_its_setup_row_is_refused
tests/integration/test_ops_paper_loop.py::test_a_degraded_boot_refuses_to_trade
tests/integration/test_ops_paper_loop.py::test_trade_budget_stops_the_cycle
tests/integration/test_ops_paper_loop.py::test_control_pause_and_gateway_are_honoured_in_the_loop
tests/integration/test_ops_paper_loop.py::test_run_loop_is_bounded_and_the_chain_verifies
tests/integration/test_ops_paper_loop.py::test_notifier_receives_one_line_per_cycle
tests/integration/test_ops_paper_loop.py::TestHelpers::test_normalize_plan_accepts_the_frozen_shapes
tests/integration/test_ops_paper_loop.py::TestHelpers::test_fill_from_result_never_invents_numbers
tests/integration/test_ops_paper_loop.py::test_last_closed_price_is_pit_safe
tests/integration/test_ops_paper_loop.py::test_governed_bridge_drives_fixture_paper_lifecycle
tests/integration/test_ops_paper_loop.py::test_d28_paper_bootstrap_unavailable_components_reach_real_bridge
tests/integration/test_ops_paper_loop.py::test_cp14_context_preparation_is_outside_budget_and_before_source
tests/integration/test_ops_paper_loop.py::test_cp14_preparation_failure_isolated_retry_same_close_and_no_stale_source
tests/integration/test_store_integration.py::TestDDLVerbatim::test_ch4_tables_and_columns
tests/integration/test_store_integration.py::TestDDLVerbatim::test_ch5_raw_store_tables_and_indexes
tests/integration/test_store_integration.py::TestDDLVerbatim::test_wal_pragmas
tests/integration/test_store_integration.py::TestDDLVerbatim::test_migrations_recorded
tests/integration/test_store_integration.py::TestRawStore::test_rs_001_immutability_at_db_level
tests/integration/test_store_integration.py::TestRawStore::test_rs_002_manifest_hash_chain
tests/integration/test_store_integration.py::TestRawStore::test_rs_003_retention
tests/integration/test_store_integration.py::TestRawStore::test_cl_001_correction_supersedes_and_preserves
tests/integration/test_store_integration.py::TestRawStore::test_cl_003_cascade_marker
tests/integration/test_store_integration.py::TestIngestDedupAndValidation::test_duplicate_content_hash_deduplicated
tests/integration/test_store_integration.py::TestIngestDedupAndValidation::test_invalid_symbol_timeframe_rejected
tests/integration/test_store_integration.py::TestEvidenceContract::test_evidence_24_field_validation_on_insert
tests/integration/test_store_integration.py::TestCatalogOverStore::test_catalog_get_via_store
tests/integration/test_store_integration.py::TestCatalogOverStore::test_future_as_of_invalid_via_store
tests/integration/test_store_integration.py::TestMissingOiIngest::test_missing_oi_row_ingests_and_reads_back_as_none
tests/integration/test_store_integration.py::TestMissingOiIngest::test_missing_oi_row_is_still_deduplicated
tests/integration/test_store_integration.py::TestMissingOiIngest::test_value_state_without_a_value_is_refused
tests/integration/test_store_integration.py::TestMissingOiIngest::test_available_oi_is_unchanged
tests/integration/test_store_integration.py::TestWindowIsTheLatestBars::test_last_bars_are_returned_in_ascending_order
tests/integration/test_store_integration.py::TestWindowIsTheLatestBars::test_the_as_of_boundary_is_still_respected
tests/integration/test_store_integration.py::TestWindowIsTheLatestBars::test_a_short_history_returns_what_exists
tests/integration/test_store_integration.py::test_cp14_insert_snapshot_accepts_quality_mapping
tests/unit/test_ai10_harness.py::TestHarnessSeal::test_fixture_hash_seal_verifies
tests/unit/test_ai10_harness.py::TestHarnessSeal::test_seal_hash_is_the_recorded_one
tests/unit/test_ai10_harness.py::TestHarnessSeal::test_tampered_fixture_aborts_before_any_case
tests/unit/test_ai10_harness.py::TestHarnessSeal::test_missing_cases_array_is_refused
tests/unit/test_ai10_harness.py::TestHarnessRun::test_every_golden_case_passes
tests/unit/test_ai10_harness.py::TestHarnessRun::test_t_ad_001_and_t_ad_002_are_part_of_the_verdict
tests/unit/test_ai10_harness.py::TestHarnessRun::test_the_real_data_gate_is_reported_open
tests/unit/test_ai10_harness.py::TestHarnessRun::test_main_exits_zero_on_a_green_run
tests/unit/test_ai10_harness.py::TestHarnessRun::test_main_exits_two_on_a_tampered_fixture
tests/unit/test_ai10_nfr_harness.py::TestBounds::test_ai7_bounds_are_the_blueprint_values
tests/unit/test_ai10_nfr_harness.py::TestBounds::test_percentile_is_nearest_rank
tests/unit/test_ai10_nfr_harness.py::TestBounds::test_empty_sample_is_refused
tests/unit/test_ai10_nfr_harness.py::TestTNFR004QueueBounds::test_all_p0_delivered_and_p2_evicted
tests/unit/test_ai10_nfr_harness.py::TestTNFR004QueueBounds::test_the_shared_lane_never_exceeds_its_governed_bound
tests/unit/test_ai10_nfr_harness.py::TestTNFR004QueueBounds::test_p0_delivery_is_synchronous_not_buffered
tests/unit/test_ai10_nfr_harness.py::TestHonestLabels::test_latency_probes_are_labelled_sandbox_partial
tests/unit/test_ai10_nfr_harness.py::TestHonestLabels::test_resource_sample_can_never_be_read_as_acceptance
tests/unit/test_ai10_nfr_harness.py::TestHonestLabels::test_the_report_never_claims_a_target_device_result
tests/unit/test_ai10_nfr_harness.py::TestHonestLabels::test_measured_latencies_are_recorded_with_their_bounds
tests/unit/test_ai10_nfr_harness.py::TestExitCodes::test_zero_when_in_bounds
tests/unit/test_ai10_nfr_harness.py::TestExitCodes::test_one_when_a_bound_is_exceeded
tests/unit/test_base_contract.py::TestVersionedInterfaces::test_contract_version_frozen
tests/unit/test_base_contract.py::TestVersionedInterfaces::test_engine_ids
tests/unit/test_base_contract.py::TestVersionedInterfaces::test_invalid_engine_id_rejected
tests/unit/test_base_contract.py::TestLifecycle::test_forward_transitions
tests/unit/test_base_contract.py::TestLifecycle::test_illegal_transitions_raise
tests/unit/test_base_contract.py::TestLifecycle::test_terminal_never_reverts
tests/unit/test_base_contract.py::TestReplayIdempotency::test_replay_key_cached_and_code_revision_invalidates
tests/unit/test_base_contract.py::TestReplayIdempotency::test_replay_key_input_sensitivity
tests/unit/test_base_contract.py::TestEmission::test_valid_event_published
tests/unit/test_base_contract.py::TestEmission::test_invalid_engine_id_rejected
tests/unit/test_base_contract.py::TestEmission::test_invalid_24_field_rejected
tests/unit/test_base_contract.py::TestWaveOut::test_wave_out_plumbing
tests/unit/test_base_contract.py::TestDataAccessAndEps::test_feature_goes_through_catalog
tests/unit/test_base_contract.py::TestDataAccessAndEps::test_frozen_eps
tests/unit/test_base_contract.py::TestDataAccessAndEps::test_e01_scaled_eps
tests/unit/test_bus.py::test_p0_is_synchronous_and_ordered
tests/unit/test_bus.py::test_p0_never_dropped_even_when_lanes_full
tests/unit/test_bus.py::test_p1_dedicated_lane_and_preserved_ordering
tests/unit/test_bus.py::test_p1_never_dropped_evicts_shared
tests/unit/test_bus.py::test_p2_p3_shared_lane_drop_oldest
tests/unit/test_bus.py::test_priorities_mapping
tests/unit/test_bus.py::test_unsubscribe
tests/unit/test_bus.py::test_raw_candle_queue_bounds_drop_oldest
tests/unit/test_catalog.py::TestRegistryCompleteness::test_section_313_74_slots
tests/unit/test_catalog.py::TestRegistryCompleteness::test_f74_full_template_and_f73_complete
tests/unit/test_catalog.py::TestRegistryCompleteness::test_f49_registered_removed_absent_by_design
tests/unit/test_catalog.py::TestRegistryCompleteness::test_f56_market_profile_always_unavailable
tests/unit/test_catalog.py::TestRegistryCompleteness::test_exact_feature_ids
tests/unit/test_catalog.py::TestCatalogGetContract::test_unregistered_feature_invalid
tests/unit/test_catalog.py::TestCatalogGetContract::test_future_as_of_invalid
tests/unit/test_catalog.py::TestCatalogGetContract::test_result_shape
tests/unit/test_catalog.py::TestCatalogGetContract::test_no_provider_missing
tests/unit/test_catalog.py::TestTierCacheRules::test_atom_never_cached
tests/unit/test_catalog.py::TestTierCacheRules::test_molecular_cached_5_candles
tests/unit/test_catalog.py::TestTierCacheRules::test_orgn_lru_100
tests/unit/test_catalog.py::TestTDC::test_tdc_001_schema_fields
tests/unit/test_catalog.py::TestTDC::test_tdc_002_validation_order_fail_fast
tests/unit/test_catalog.py::TestTDC::test_tdc_003_random_ohlc_no_false_rejects
tests/unit/test_catalog.py::TestTDC::test_tdc_003_invalid_rejected
tests/unit/test_catalog.py::TestTDC::test_tdc_004_missing_oi_never_zero
tests/unit/test_catalog.py::TestTOM::test_tom_001_oi_states_all_triggered
tests/unit/test_catalog.py::TestTOM::test_tom_002_oi_dependent_feature_unavailable
tests/unit/test_catalog.py::TestTOM::test_tom_003_missing_data_blocks_dependent_path
tests/unit/test_catalog.py::TestReplayAndMonotonic::test_tdr_001_feature_replay_byte_identical
tests/unit/test_catalog.py::TestReplayAndMonotonic::test_tmon_001_quality_never_improves_with_fewer_inputs
tests/unit/test_catalog.py::TestAtomFailureHaltsPipeline::test_atom_failure_raises
tests/unit/test_config.py::test_env_names_exact
tests/unit/test_config.py::test_env_defaults_frozen
tests/unit/test_config.py::test_defaults_when_unset
tests/unit/test_config.py::test_dotenv_parsing_stdlib
tests/unit/test_config.py::test_dotenv_unknown_name_rejected
tests/unit/test_config.py::test_dotenv_malformed_rejected
tests/unit/test_config.py::test_no_shadowing_real_env_wins
tests/unit/test_config.py::test_dotenv_fills_unset_only
tests/unit/test_config.py::test_shadow_environment_rejected
tests/unit/test_config.py::test_valid_environments
tests/unit/test_config.py::test_no_dotenv_bypass
tests/unit/test_config.py::test_secrets_masked_in_repr
tests/unit/test_config.py::test_signed_flags
tests/unit/test_config.py::test_params_loader_reads_only
tests/unit/test_cp146.py::test_t1_negative_zero_hashes_as_zero
tests/unit/test_cp146.py::test_t2_replay_key_is_a_named_object_not_a_concatenation
tests/unit/test_cp146.py::test_t3_fabric_id_is_content_derived
tests/unit/test_cp146.py::test_t4_bounded_model_quality_admits_a_well_calibrated_triple
tests/unit/test_cp146.py::test_t5_rr_below_min_is_a_named_refusal
tests/unit/test_cp146.py::test_d49_yaml_values_are_the_pass_artifact_percentiles
tests/unit/test_cp146.py::test_d50_intent_id_is_a_content_hash_not_a_proposal_tail
tests/unit/test_cp146.py::test_d50_cell_cursor_survives_a_new_reader
tests/unit/test_cp146.py::test_training_path_matches_handoff_cp145
tests/unit/test_cp146.py::test_paper_package_is_named_uncalibrated_and_not_zero_metrics
tests/unit/test_cp146.py::test_d53_week_and_month_boundaries_match_the_calendar_for_400_days
tests/unit/test_cp146.py::test_d59_decision_scalars_and_family_mass
tests/unit/test_cp146.py::test_d59_live_without_a_package_does_not_bootstrap
tests/unit/test_cp146.py::test_d59_l2_label_is_disable_new
tests/unit/test_cp146.py::test_d52_raw_only_then_paper_backfill
tests/unit/test_cp146.py::test_d52_backfill_lists_a_receipt_before_close_and_does_not_fake_it
tests/unit/test_cp146.py::test_d51_six_cycles_each_admit_one_trade
tests/unit/test_cp146.py::test_publisher_timeout_is_named_in_the_same_cycle
tests/unit/test_cp146.py::test_cycle_publishers_reflect_quality_publish
tests/unit/test_cp146.py::test_crisis_regime_is_bridge_regime_window
tests/unit/test_cp146.py::test_q_thr_matches_q_min_for_every_timeframe
tests/unit/test_cp146.py::test_regime_window_admits_range_and_trend_and_refuses_crisis
tests/unit/test_cp146.py::test_missing_regime_window_is_configuration_invalid
tests/unit/test_cp146.py::test_l2_migration_is_one_transaction_and_second_call_is_noop
tests/unit/test_cp1_foundations.py::TestPackaging::test_sbom_pins_exact
tests/unit/test_cp1_foundations.py::TestPackaging::test_pyproject_runtime_deps_are_the_nine_pins
tests/unit/test_cp1_foundations.py::TestPackaging::test_pytest_dev_only_never_in_lock
tests/unit/test_cp1_foundations.py::TestPackaging::test_no_python_dotenv
tests/unit/test_cp1_foundations.py::TestPackaging::test_gitignore_adr_p2_013
tests/unit/test_cp1_foundations.py::TestPackaging::test_run_all_tests_script
tests/unit/test_cp1_foundations.py::TestPackaging::test_run_all_tests_runs_full_suite
tests/unit/test_cp1_foundations.py::TestNormativeTree::test_all_cp1_files_exist_non_empty
tests/unit/test_cp1_foundations.py::TestNormativeTree::test_import_chain
tests/unit/test_cp1_foundations.py::TestNormativeTree::test_no_todo_fixme_pass_stubs_in_wave_in_code
tests/unit/test_cp1_foundations.py::TestParamsFrozenValues::test_universe_v1_literals
tests/unit/test_cp1_foundations.py::TestParamsFrozenValues::test_risk_defaults_literals
tests/unit/test_cp1_foundations.py::TestParamsFrozenValues::test_setup_weights_literals
tests/unit/test_cp1_foundations.py::TestParamsFrozenValues::test_quality_weights_copy_exact_21
tests/unit/test_cp1_foundations.py::TestParamsFrozenValues::test_toobit_wire_literals
tests/unit/test_cp1_foundations.py::TestParamsFrozenValues::test_e11_params_literals
tests/unit/test_decision_pipeline.py::TestUnitsAndCosts::test_R_and_RR_definition
tests/unit/test_decision_pipeline.py::TestUnitsAndCosts::test_RR_below_min_is_a_refusal_not_a_floor
tests/unit/test_decision_pipeline.py::TestUnitsAndCosts::test_zero_risk_unit_fails_closed
tests/unit/test_decision_pipeline.py::TestUnitsAndCosts::test_eu_formula_in_units_of_R
tests/unit/test_decision_pipeline.py::TestUnitsAndCosts::test_eu_dollar_uses_multiplier_and_price_scale
tests/unit/test_decision_pipeline.py::TestUnitsAndCosts::test_execution_layer_cost_model
tests/unit/test_decision_pipeline.py::TestEligibility::test_all_conditions_held
tests/unit/test_decision_pipeline.py::TestEligibility::test_each_condition_can_block
tests/unit/test_decision_pipeline.py::TestEligibility::test_p_or_c_shortfall_is_insufficient_evidence
tests/unit/test_decision_pipeline.py::TestEligibility::test_boundaries_are_inclusive_where_the_law_says_so
tests/unit/test_decision_pipeline.py::TestEligibility::test_missing_input_fails_closed
tests/unit/test_decision_pipeline.py::TestRanking::test_candidates_are_generated_for_both_sides
tests/unit/test_decision_pipeline.py::TestRanking::test_monotonicity_check_runs_before_ranking
tests/unit/test_decision_pipeline.py::TestRanking::test_rank_ordering_and_tie_breakers
tests/unit/test_decision_pipeline.py::TestRanking::test_selection_is_capped_and_never_bypasses_risk
tests/unit/test_decision_pipeline.py::TestArbitration::test_regime_window_is_a_hard_boundary
tests/unit/test_decision_pipeline.py::TestArbitration::test_family_status_gate
tests/unit/test_decision_pipeline.py::TestArbitration::test_composite_rank_alignment_is_capped
tests/unit/test_decision_pipeline.py::TestArbitration::test_same_direction_advisory_ranking
tests/unit/test_decision_pipeline.py::TestArbitration::test_opposite_direction_defaults_to_no_trade
tests/unit/test_decision_pipeline.py::TestArbitration::test_governed_threshold_can_resolve_the_conflict
tests/unit/test_decision_pipeline.py::TestArbitration::test_degraded_families_never_become_candidates
tests/unit/test_decision_pipeline.py::TestArbitration::test_reason_structure_is_complete_for_every_output
tests/unit/test_decision_pipeline.py::TestArbitration::test_no_trade_is_a_first_class_output
tests/unit/test_decision_pipeline.py::TestStrategyProposalShape::test_fields_are_exactly_the_frozen_portfolio_proposal
tests/unit/test_decision_pipeline.py::TestStrategyProposalShape::test_proposal_carries_no_order_authority
tests/unit/test_decision_pipeline.py::TestStrategyProposalShape::test_sizing_request_cannot_carry_execution_fields
tests/unit/test_decision_pipeline.py::TestStrategyProposalShape::test_no_trade_proposal_carries_no_plan
tests/unit/test_decision_pipeline.py::TestStrategyProposalShape::test_direction_domain_is_closed
tests/unit/test_decision_pipeline.py::TestStrategyProposalShape::test_snapshot_lineage_is_mandatory
tests/unit/test_decision_pipeline.py::TestStrategyProposalShape::test_proposal_id_is_content_bound
tests/unit/test_decision_pipeline.py::TestSeamArbitrationNeverImportsExecution::test_no_execution_or_ui_imports
tests/unit/test_decision_pipeline.py::TestSeamArbitrationNeverImportsExecution::test_no_network_or_filesystem_write_from_the_chain
tests/unit/test_decision_pipeline.py::TestSeamArbitrationNeverImportsExecution::test_decision_only_imports_risk_read_helpers_it_owns
tests/unit/test_decision_pipeline.py::test_d28_unavailable_zero_weight_components_are_not_arithmetic_inputs
tests/unit/test_e01_structure.py::TestGoldenFixtures::test_fix001_williams_high
tests/unit/test_e01_structure.py::TestGoldenFixtures::test_fix002_gann_low
tests/unit/test_e01_structure.py::TestGoldenFixtures::test_fix003_bos_l1
tests/unit/test_e01_structure.py::TestGoldenFixtures::test_fix004_bos_multi_level
tests/unit/test_e01_structure.py::TestGoldenFixtures::test_fix005_choche_bull
tests/unit/test_e01_structure.py::TestGoldenFixtures::test_fix006_retest
tests/unit/test_e01_structure.py::TestGoldenFixtures::test_fix007_invalidation
tests/unit/test_e01_structure.py::TestGoldenFixtures::test_fix008_gap_breakaway
tests/unit/test_e01_structure.py::TestGoldenFixtures::test_fix009_prune_count
tests/unit/test_e01_structure.py::TestGoldenFixtures::test_fix010_bias_mtf
tests/unit/test_e01_structure.py::TestDeterministicReplay::test_tdr_001_double_run_byte_identical
tests/unit/test_e01_structure.py::TestDeterministicReplay::test_tdr_001_engine_replay_cache_same_result
tests/unit/test_e01_structure.py::TestDeterministicReplay::test_tdr_001_fresh_engine_identical_minus_operational_ids
tests/unit/test_e01_structure.py::TestNoFutureLeak::test_no_future_leak_injection
tests/unit/test_e01_structure.py::TestNoFutureLeak::test_sma_never_includes_current_bar
tests/unit/test_e01_structure.py::TestAblation::test_every_component_contributes
tests/unit/test_e01_structure.py::TestAblation::test_weights_sum_to_one_and_floor
tests/unit/test_e01_structure.py::TestWilsonCI::test_wilson_examples
tests/unit/test_e01_structure.py::TestWilsonCI::test_z_test_trend_vs_range
tests/unit/test_e01_structure.py::TestWilsonCI::test_false_break_rate_in_window
tests/unit/test_e01_structure.py::TestSerializationCompat::test_schema_diff_identical_across_runs
tests/unit/test_e01_structure.py::TestSerializationCompat::test_snapshot_id_regex
tests/unit/test_e01_structure.py::TestSerializationCompat::test_no_v3_runtime_path
tests/unit/test_e01_structure.py::TestTE01001Schema::test_50_candles_output_conforms_v4
tests/unit/test_e01_structure.py::TestTE01001Schema::test_emission_24_fields_valid
tests/unit/test_e01_structure.py::TestTE01001Schema::test_enginebase_contract
tests/unit/test_e01_structure.py::TestTE01001Schema::test_missing_window_fail_closed
tests/unit/test_e01_structure.py::TestStateMachines::test_swing_fate_forward_only
tests/unit/test_e01_structure.py::TestStateMachines::test_market_state_strict_transitions
tests/unit/test_e01_structure.py::TestWaveOutAndParams::test_dynamic_k_wave_out
tests/unit/test_e01_structure.py::TestWaveOutAndParams::test_k_fixed_at_2
tests/unit/test_e01_structure.py::TestWaveOutAndParams::test_params_table_frozen_defaults
tests/unit/test_e01_structure.py::TestWaveOutAndParams::test_tick_size_from_universe_yaml
tests/unit/test_e01_structure.py::TestWaveOutAndParams::test_scaled_epsilon_formula
tests/unit/test_e01_structure.py::TestWaveOutAndParams::test_no_stubs
tests/unit/test_e01_structure.py::TestFormulas::test_candle_geometry_and_strengths
tests/unit/test_e01_structure.py::TestFormulas::test_wick_and_gap_metrics
tests/unit/test_e01_structure.py::TestFormulas::test_candle_features_doji
tests/unit/test_e01_structure.py::TestFormulas::test_stop_context
tests/unit/test_e01_structure.py::TestFormulas::test_vol_ratio_zero_volume
tests/unit/test_e01_structure.py::TestFormulas::test_break_mag_symmetric
tests/unit/test_e01_structure.py::TestFormulas::test_case_study_step_values
tests/unit/test_e01_structure.py::TestStreaming::test_streaming_idempotent_and_invalid
tests/unit/test_e01_structure.py::TestStreaming::test_wick_rejection
tests/unit/test_e02_liquidity.py::TestGoldenFixtures::test_gf001_equal_high_formed
tests/unit/test_e02_liquidity.py::TestGoldenFixtures::test_gf002_chain_prevention
tests/unit/test_e02_liquidity.py::TestGoldenFixtures::test_gf003_dbscan_pool
tests/unit/test_e02_liquidity.py::TestGoldenFixtures::test_gf004_sweep_valid
tests/unit/test_e02_liquidity.py::TestGoldenFixtures::test_gf005_wick_only_no_return
tests/unit/test_e02_liquidity.py::TestGoldenFixtures::test_gf006_raid_two_levels
tests/unit/test_e02_liquidity.py::TestGoldenFixtures::test_gf007_void_lvn
tests/unit/test_e02_liquidity.py::TestGoldenFixtures::test_gf008_ofi_cont
tests/unit/test_e02_liquidity.py::TestGoldenFixtures::test_gf009_vpin_bvc
tests/unit/test_e02_liquidity.py::TestGoldenFixtures::test_gf010_proximity_htf
tests/unit/test_e02_liquidity.py::TestGoldenFixtures::test_gf011_freshness
tests/unit/test_e02_liquidity.py::TestGoldenFixtures::test_gf012_merton
tests/unit/test_e02_liquidity.py::TestDeterministicReplay::test_tdr_001_snapshot_ids_identical
tests/unit/test_e02_liquidity.py::TestDeterministicReplay::test_tdr_001_engine_replay_cache
tests/unit/test_e02_liquidity.py::TestDeterministicReplay::test_tdr_001_fresh_engine_identical_minus_operational_ids
tests/unit/test_e02_liquidity.py::TestNoFutureLeak::test_no_event_uses_level_before_formation
tests/unit/test_e02_liquidity.py::TestNoFutureLeak::test_sweep_never_before_formation_plus_one
tests/unit/test_e02_liquidity.py::TestAblation::test_every_component_contributes
tests/unit/test_e02_liquidity.py::TestAblation::test_sweep_outcomes_ground_truth
tests/unit/test_e02_liquidity.py::TestWilsonCI::test_case_study_calibration_figures
tests/unit/test_e02_liquidity.py::TestWilsonCI::test_wilson_bounds
tests/unit/test_e02_liquidity.py::TestSerializationCompat::test_v4_output_validates
tests/unit/test_e02_liquidity.py::TestSerializationCompat::test_v3_loads_with_q3_warning_not_crash
tests/unit/test_e02_liquidity.py::TestSerializationCompat::test_additive_fields_optional
tests/unit/test_e02_liquidity.py::TestSerializationCompat::test_snapshot_id_regex
tests/unit/test_e02_liquidity.py::TestSchemaAndState::test_level_state_machine
tests/unit/test_e02_liquidity.py::TestSchemaAndState::test_event_catalog_complete
tests/unit/test_e02_liquidity.py::TestSchemaAndState::test_params_table_frozen_defaults
tests/unit/test_e02_liquidity.py::TestSchemaAndState::test_salience_weights_sum_one
tests/unit/test_e02_liquidity.py::TestSchemaAndState::test_invalid_candle_q0
tests/unit/test_e02_liquidity.py::TestSchemaAndState::test_streaming_idempotent
tests/unit/test_e02_liquidity.py::TestSchemaAndState::test_utc_windows
tests/unit/test_e02_liquidity.py::TestFormulas::test_atr_wilder
tests/unit/test_e02_liquidity.py::TestFormulas::test_tr_first_bar
tests/unit/test_e02_liquidity.py::TestFormulas::test_kyle_and_gm
tests/unit/test_e02_liquidity.py::TestFormulas::test_poisson_significance
tests/unit/test_e02_liquidity.py::TestFormulas::test_jaccard
tests/unit/test_e02_liquidity.py::TestFormulas::test_merton_estimation
tests/unit/test_e02_liquidity.py::TestFormulas::test_merton_case_study_step10
tests/unit/test_e02_liquidity.py::TestFormulas::test_no_l2_is_qx_not_fabricated
tests/unit/test_e02_liquidity.py::TestCaseStudy::test_bnbusdt_walkthrough
tests/unit/test_e02_liquidity.py::TestEngineEmission::test_compute_emits_valid_24_field_events
tests/unit/test_e02_liquidity.py::TestEngineEmission::test_enginebase_contract
tests/unit/test_e02_liquidity.py::TestEngineEmission::test_missing_window_fail_closed
tests/unit/test_e02_liquidity.py::TestEngineEmission::test_raid_engine_level
tests/unit/test_e02_liquidity.py::TestEngineEmission::test_no_stubs
tests/unit/test_e02_liquidity.py::test_d35e_p2_atr_prefix_memo_matches_verbatim
tests/unit/test_e02_liquidity.py::test_d35e_p2_run_engine_canonical_matches_verbatim_atr
tests/unit/test_e03_volume.py::TestGoldenFixtures::test_pit_safe_vr_no_leak
tests/unit/test_e03_volume.py::TestGoldenFixtures::test_vwap_typical_price
tests/unit/test_e03_volume.py::TestGoldenFixtures::test_obv_wilder_flat
tests/unit/test_e03_volume.py::TestGoldenFixtures::test_profile_width_formula
tests/unit/test_e03_volume.py::TestGoldenFixtures::test_va_sorted
tests/unit/test_e03_volume.py::TestGoldenFixtures::test_evr_corrected_and_zero
tests/unit/test_e03_volume.py::TestGoldenFixtures::test_ad_tanh_clipped
tests/unit/test_e03_volume.py::TestGoldenFixtures::test_oi_stale_6
tests/unit/test_e03_volume.py::TestGoldenFixtures::test_wash_suspect
tests/unit/test_e03_volume.py::TestGoldenFixtures::test_edge_h_l_invalid
tests/unit/test_e03_volume.py::TestGoldenFixtures::test_edge_v_zero
tests/unit/test_e03_volume.py::TestDeterministicReplay::test_tdr_001_double_run
tests/unit/test_e03_volume.py::TestDeterministicReplay::test_tdr_001_engine_replay_cache
tests/unit/test_e03_volume.py::TestDeterministicReplay::test_tdr_001_fresh_engine_identical
tests/unit/test_e03_volume.py::TestDeterministicReplay::test_snapshot_id_deterministic
tests/unit/test_e03_volume.py::TestNoFutureLeak::test_v_replacement_leaves_sma
tests/unit/test_e03_volume.py::TestNoFutureLeak::test_sma_excludes_current
tests/unit/test_e03_volume.py::TestNoFutureLeak::test_vwap_ignores_open_bars
tests/unit/test_e03_volume.py::TestNoFutureLeak::test_atr_missing_fail_closed
tests/unit/test_e03_volume.py::TestNoFutureLeak::test_missing_availability_fail_closed
tests/unit/test_e03_volume.py::TestAblation::test_every_component_contributes
tests/unit/test_e03_volume.py::TestAblation::test_missing_oi_renormalizes
tests/unit/test_e03_volume.py::TestWilsonCI::test_calibration_figures
tests/unit/test_e03_volume.py::TestWilsonCI::test_wilson_bounds
tests/unit/test_e03_volume.py::TestSerializationCompat::test_eight_decimal_rounding_and_sort
tests/unit/test_e03_volume.py::TestSerializationCompat::test_nonfinite_boundary
tests/unit/test_e03_volume.py::TestSerializationCompat::test_v3_migration_defaults
tests/unit/test_e03_volume.py::TestSixPhases::test_phase_sequence
tests/unit/test_e03_volume.py::TestSixPhases::test_degraded_on_missing_oi
tests/unit/test_e03_volume.py::TestSixPhases::test_failed_on_persistent_h_lt_l
tests/unit/test_e03_volume.py::TestSixPhases::test_idempotent_refeed
tests/unit/test_e03_volume.py::TestSixPhases::test_open_bar_ignored
tests/unit/test_e03_volume.py::TestCorrectionBlocks::test_phase_67_79_80_88_quoted_above_governed_code
tests/unit/test_e03_volume.py::TestCorrectionBlocks::test_phase_79_88_tf_registry
tests/unit/test_e03_volume.py::TestCorrectionBlocks::test_phase_67_governed_as_of
tests/unit/test_e03_volume.py::TestCorrectionBlocks::test_uuid_v7_not_in_snapshot_payload
tests/unit/test_e03_volume.py::TestFormulas::test_case_study_bar88
tests/unit/test_e03_volume.py::TestFormulas::test_divergence
tests/unit/test_e03_volume.py::TestFormulas::test_mtf_vr_and_bos_filter
tests/unit/test_e03_volume.py::TestFormulas::test_zscore_pit_insufficient
tests/unit/test_e03_volume.py::TestFormulas::test_profile_structure
tests/unit/test_e03_volume.py::TestEventsAndParams::test_event_catalog_twelve
tests/unit/test_e03_volume.py::TestEventsAndParams::test_lifecycle_crosswalk
tests/unit/test_e03_volume.py::TestEventsAndParams::test_params_frozen
tests/unit/test_e03_volume.py::TestEventsAndParams::test_engine_events_fire
tests/unit/test_e03_volume.py::TestEventsAndParams::test_no_stubs
tests/unit/test_e03_volume.py::TestEngineEmission::test_compute_emits_valid_24_field_events
tests/unit/test_e03_volume.py::TestEngineEmission::test_enginebase_contract
tests/unit/test_e03_volume.py::TestEngineEmission::test_missing_window_fail_closed
tests/unit/test_e03_volume.py::test_cp14_climax_calibration_uses_actual_bar_closes
tests/unit/test_e03_volume.py::test_cp14_climax_calibration_separates_availability_from_source_candle
tests/unit/test_e04_volatility.py::TestGoldenFixtures::test_f01_atr_seed
tests/unit/test_e04_volatility.py::TestGoldenFixtures::test_f02_rma_step
tests/unit/test_e04_volatility.py::TestGoldenFixtures::test_f03_tr_gap
tests/unit/test_e04_volatility.py::TestGoldenFixtures::test_f04_tr_gap_up_dominant
tests/unit/test_e04_volatility.py::TestGoldenFixtures::test_f05_parkinson_redrived
tests/unit/test_e04_volatility.py::TestGoldenFixtures::test_f06_gk_floor
tests/unit/test_e04_volatility.py::TestGoldenFixtures::test_f07_yang_zhang_redrived
tests/unit/test_e04_volatility.py::TestGoldenFixtures::test_f08_boll_width_redrived
tests/unit/test_e04_volatility.py::TestGoldenFixtures::test_f09_vol_ratio_and_squeeze_rule
tests/unit/test_e04_volatility.py::TestGoldenFixtures::test_f10_regime_pit_quantiles_redrived
tests/unit/test_e04_volatility.py::TestGoldenFixtures::test_f11_ljung_redrived
tests/unit/test_e04_volatility.py::TestGoldenFixtures::test_f12_vol_targeting
tests/unit/test_e04_volatility.py::TestFormulas::test_tr_h_lt_l_is_q0
tests/unit/test_e04_volatility.py::TestFormulas::test_wilder_seed_once_then_rma
tests/unit/test_e04_volatility.py::TestFormulas::test_wilder_q0_freezes
tests/unit/test_e04_volatility.py::TestFormulas::test_realized_var_and_hv
tests/unit/test_e04_volatility.py::TestFormulas::test_overnight_and_oc_var
tests/unit/test_e04_volatility.py::TestFormulas::test_parkinson_adjusted_gap_correction
tests/unit/test_e04_volatility.py::TestFormulas::test_rogers_satchell_driftless_positive
tests/unit/test_e04_volatility.py::TestFormulas::test_yang_zhang_k_formula
tests/unit/test_e04_volatility.py::TestFormulas::test_ewma_recurrence
tests/unit/test_e04_volatility.py::TestFormulas::test_garch_insufficient_and_fit
tests/unit/test_e04_volatility.py::TestFormulas::test_har_rv_newey_west
tests/unit/test_e04_volatility.py::TestFormulas::test_range_z_window_rule
tests/unit/test_e04_volatility.py::TestFormulas::test_rolling_quantiles_warmup_nan
tests/unit/test_e04_volatility.py::TestFormulas::test_chi2_sf_matches_critical_values
tests/unit/test_e04_volatility.py::TestFormulas::test_t_sf_two_sided
tests/unit/test_e04_volatility.py::TestFormulas::test_cluster_persistence_chapter_example
tests/unit/test_e04_volatility.py::TestFormulas::test_nondirectional_test_uncorrelated_pass
tests/unit/test_e04_volatility.py::TestFormulas::test_wilson_ci_bounds
tests/unit/test_e04_volatility.py::TestFormulas::test_vol_targeting_zero_budget_and_dead_atr
tests/unit/test_e04_volatility.py::TestFormulas::test_eps_is_the_frozen_tier2_value
tests/unit/test_e04_volatility.py::TestSchemaAndEvents::test_event_catalog_complete
tests/unit/test_e04_volatility.py::TestSchemaAndEvents::test_state_21_required_fields
tests/unit/test_e04_volatility.py::TestSchemaAndEvents::test_regime_enum_and_order
tests/unit/test_e04_volatility.py::TestSchemaAndEvents::test_regime_banding_boundaries
tests/unit/test_e04_volatility.py::TestChapterWorkedExamples::test_ch1_wilder_vs_naive
tests/unit/test_e04_volatility.py::TestChapterWorkedExamples::test_ch3_squeeze_check_example
tests/unit/test_e04_volatility.py::TestChapterWorkedExamples::test_ch3_cluster_persistence_example
tests/unit/test_e04_volatility.py::TestChapterWorkedExamples::test_case_study_wilder_steps
tests/unit/test_e04_volatility.py::TestChapterWorkedExamples::test_case_study_targeting_bar8
tests/unit/test_e04_volatility.py::TestDeterministicReplay::test_500_bar_double_run_byte_identical
tests/unit/test_e04_volatility.py::TestNoFutureLeak::test_regime_quantiles_exclude_hv_t
tests/unit/test_e04_volatility.py::TestNoFutureLeak::test_atr_t_never_uses_c_t_plus_1
tests/unit/test_e04_volatility.py::TestAblation::test_removing_yz_worsens_next_period_rv_tracking
tests/unit/test_e04_volatility.py::TestAblation::test_replacing_wilder_with_sma_raises_atr_variance
tests/unit/test_e04_volatility.py::TestWilsonCalibration::test_wilson_formula_values
tests/unit/test_e04_volatility.py::TestWilsonCalibration::test_wide_ci_downgrades_q3_to_q2
tests/unit/test_e04_volatility.py::TestRedundancyGates::test_gk_rs_disagreement_downgrades_q2
tests/unit/test_e04_volatility.py::TestRedundancyGates::test_atr_overestimate_gate
tests/unit/test_e04_volatility.py::TestSerializationCompat::test_v3_payload_raises_explicit_error
tests/unit/test_e04_volatility.py::TestSerializationCompat::test_v4_roundtrip_snapshot_preserved
tests/unit/test_e04_volatility.py::TestNonDirectionalityCheck::test_three_consecutive_failures_trigger_rs_fallback
tests/unit/test_e04_volatility.py::TestEventMachine::test_squeeze_start_end_and_expansion_events
tests/unit/test_e04_volatility.py::TestEventMachine::test_regime_up_down_events_fire
tests/unit/test_e04_volatility.py::TestEventMachine::test_expansion_breakout_requires_bos_note
tests/unit/test_e04_volatility.py::TestParameters::test_frozen_defaults_match_chapter_6
tests/unit/test_e04_volatility.py::TestParameters::test_unknown_param_rejected
tests/unit/test_e04_volatility.py::TestWaveOut::test_adaptive_atr_request_raises
tests/unit/test_e04_volatility.py::TestWaveOut::test_enginebase_compute_adaptive_context_raises
tests/unit/test_e04_volatility.py::TestEngineBaseBinding::test_missing_window_context_fails_closed
tests/unit/test_e04_volatility.py::TestEngineBaseBinding::test_compute_emits_valid_24_field_events
tests/unit/test_e04_volatility.py::TestEngineBaseBinding::test_atr_series_for_e03_alignment_and_floor
tests/unit/test_e04_volatility.py::TestEngineBaseBinding::test_replay_cache_idempotent
tests/unit/test_e04_volatility.py::TestTDR001::test_double_run_canonical_byte_identical
tests/unit/test_e04_volatility.py::TestTDR001::test_pit_availability_boundary
tests/unit/test_e05_fvg.py::TestGoldenFixtures::test_valid_bull_conventional
tests/unit/test_e05_fvg.py::TestGoldenFixtures::test_negative_width_old_formula_but_valid_with_new
tests/unit/test_e05_fvg.py::TestGoldenFixtures::test_bisi_valid_bodyratio
tests/unit/test_e05_fvg.py::TestGoldenFixtures::test_doji_fvg_penalty
tests/unit/test_e05_fvg.py::TestGoldenFixtures::test_rejection_fvg_wick_ratio_and_branch
tests/unit/test_e05_fvg.py::TestGoldenFixtures::test_sequential_mtf_alignment
tests/unit/test_e05_fvg.py::TestGoldenFixtures::test_inverse_with_bos_opp
tests/unit/test_e05_fvg.py::TestGoldenFixtures::test_mitigation_directional_from_above
tests/unit/test_e05_fvg.py::TestGoldenFixtures::test_freshness_decay_expiry
tests/unit/test_e05_fvg.py::TestGoldenFixtures::test_overlap_merge_iou_redrived
tests/unit/test_e05_fvg.py::TestFormulas::test_body_ratio_doj_and_full
tests/unit/test_e05_fvg.py::TestFormulas::test_vol_ratio_warmup_none_and_v0
tests/unit/test_e05_fvg.py::TestFormulas::test_range_20_pit_window
tests/unit/test_e05_fvg.py::TestFormulas::test_z_mid_premium_discount_example
tests/unit/test_e05_fvg.py::TestFormulas::test_mitigation_from_below_for_bull_fvg
tests/unit/test_e05_fvg.py::TestFormulas::test_no_touch_outside_zone
tests/unit/test_e05_fvg.py::TestFormulas::test_atr_calc_pit_safe
tests/unit/test_e05_fvg.py::TestFormulas::test_freshness_half_life
tests/unit/test_e05_fvg.py::TestFormulas::test_gate_d_min_width_0_2_rule
tests/unit/test_e05_fvg.py::TestFormulas::test_invalid_candle_gate_a
tests/unit/test_e05_fvg.py::TestLifecycle::test_fresh_touched_mitigated_filled
tests/unit/test_e05_fvg.py::TestLifecycle::test_event_catalog_ids_complete
tests/unit/test_e05_fvg.py::TestLifecycle::test_bisi_and_rejection_confirmation_events
tests/unit/test_e05_fvg.py::TestLifecycle::test_zone_invalidated_events_for_insufficient_width
tests/unit/test_e05_fvg.py::TestLifecycle::test_idempotency_same_bar_no_duplicate
tests/unit/test_e05_fvg.py::TestLifecycle::test_snapshot_id_deterministic_and_64hex
tests/unit/test_e05_fvg.py::TestLifecycle::test_schema_validation_enums
tests/unit/test_e05_fvg.py::TestDeterministicReplay::test_double_run_identical_fid_and_snapshot
tests/unit/test_e05_fvg.py::TestNoFutureLeak::test_detection_unchanged_when_future_nulled
tests/unit/test_e05_fvg.py::TestNoFutureLeak::test_atr_only_uses_up_to_idx
tests/unit/test_e05_fvg.py::TestAblation::test_zeroing_each_component_changes_salience
tests/unit/test_e05_fvg.py::TestWilsonCalibration::test_wilson_ci_formula
tests/unit/test_e05_fvg.py::TestWilsonCalibration::test_ci_includes_half_no_superiority_claim
tests/unit/test_e05_fvg.py::TestRedundancy::test_iou_gt_0_6_and_mid_lt_0_2_atr_is_redundant
tests/unit/test_e05_fvg.py::TestSerializationCompat::test_v3_adapter_defaults_and_doji_mapping
tests/unit/test_e05_fvg.py::TestSerializationCompat::test_v3_adapter_ambiguity_fails_closed
tests/unit/test_e05_fvg.py::TestParameters::test_frozen_defaults_match_chapter_6
tests/unit/test_e05_fvg.py::TestParameters::test_weights_sum_enforced
tests/unit/test_e05_fvg.py::TestParameters::test_unknown_param_rejected
tests/unit/test_e05_fvg.py::TestCaseStudy::test_candle2_zone_geometry_and_bris
tests/unit/test_e05_fvg.py::TestCaseStudy::test_candle5_insufficient_width
tests/unit/test_e05_fvg.py::TestCaseStudy::test_candle6_mitigation_depth_and_direction
tests/unit/test_e05_fvg.py::TestCaseStudy::test_candle11_fill_of_zone_526_527
tests/unit/test_e05_fvg.py::TestCaseStudy::test_freshness_case_numbers
tests/unit/test_e05_fvg.py::TestCaseStudy::test_salience_warmup_conservative
tests/unit/test_e05_fvg.py::TestEngineBaseBinding::test_missing_window_context_fails_closed
tests/unit/test_e05_fvg.py::TestEngineBaseBinding::test_compute_emits_valid_events_with_evidence_inputs
tests/unit/test_e05_fvg.py::TestTDR001::test_double_run_canonical_byte_identical
tests/unit/test_e05_fvg.py::TestTDR001::test_pit_availability_boundary
tests/unit/test_e06_orderblock.py::TestConsumptionLint::test_source_has_no_recomputation_internals
tests/unit/test_e06_orderblock.py::TestConsumptionLint::test_run_engine_requires_both_evidence_streams
tests/unit/test_e06_orderblock.py::TestConsumptionLint::test_misaligned_evidence_fails_closed
tests/unit/test_e06_orderblock.py::TestConsumptionLint::test_missing_volume_evidence_entry_fails_closed
tests/unit/test_e06_orderblock.py::TestConsumptionLint::test_missing_volatility_evidence_entry_fails_closed
tests/unit/test_e06_orderblock.py::TestConsumptionLint::test_volume_pit_violation_fails_closed
tests/unit/test_e06_orderblock.py::TestConsumptionLint::test_nonfinite_atr_fails_closed
tests/unit/test_e06_orderblock.py::TestGoldenFixtures::test_f01_up_q3_schema_and_salience
tests/unit/test_e06_orderblock.py::TestGoldenFixtures::test_f02_down_q2_ladder_redrivation
tests/unit/test_e06_orderblock.py::TestGoldenFixtures::test_f03_breaker_role_reversal
tests/unit/test_e06_orderblock.py::TestGoldenFixtures::test_f04_reversal_chich
tests/unit/test_e06_orderblock.py::TestGoldenFixtures::test_f05_invalidated_terminal
tests/unit/test_e06_orderblock.py::TestGoldenFixtures::test_f06_mitigated_with_touches
tests/unit/test_e06_orderblock.py::TestGoldenFixtures::test_f07_h_eq_l_rejected
tests/unit/test_e06_orderblock.py::TestGoldenFixtures::test_f08_v_zero_vol_ratio_and_q1_cap
tests/unit/test_e06_orderblock.py::TestGoldenFixtures::test_f09_iou_merge_redrived
tests/unit/test_e06_orderblock.py::TestGoldenFixtures::test_f10_directional_wrong_side
tests/unit/test_e06_orderblock.py::TestGoldenFixtures::test_f11_context_via_disp_high
tests/unit/test_e06_orderblock.py::TestGoldenFixtures::test_f12_context_fails_low_volume
tests/unit/test_e06_orderblock.py::TestFormulas::test_asymmetric_zone_up_and_down
tests/unit/test_e06_orderblock.py::TestFormulas::test_iou_formula
tests/unit/test_e06_orderblock.py::TestFormulas::test_promote_ladder_ratchet
tests/unit/test_e06_orderblock.py::TestFormulas::test_wilson_and_binomial
tests/unit/test_e06_orderblock.py::TestFormulas::test_schema_enum_fail_closed
tests/unit/test_e06_orderblock.py::TestLifecycleScenario::test_up_ob_q3_detected_with_consumed_evidence
tests/unit/test_e06_orderblock.py::TestLifecycleScenario::test_retest_mitigated_invalidated_breaker_chain
tests/unit/test_e06_orderblock.py::TestLifecycleScenario::test_no_structure_caps_below_q3
tests/unit/test_e06_orderblock.py::TestLifecycleScenario::test_low_volume_caps_at_q1
tests/unit/test_e06_orderblock.py::TestLifecycleScenario::test_v_zero_caps_at_q1
tests/unit/test_e06_orderblock.py::TestLifecycleScenario::test_expiry_at_max_age
tests/unit/test_e06_orderblock.py::TestLifecycleScenario::test_flat_h_eq_l_origin_rejected
tests/unit/test_e06_orderblock.py::TestLifecycleScenario::test_width_floor_property_of_asymmetric_zone
tests/unit/test_e06_orderblock.py::TestWrongSideNoStateChange::test_approach_from_below_up_zone_ignored
tests/unit/test_e06_orderblock.py::TestDeterministicReplay::test_double_run_identical_canonical_hash
tests/unit/test_e06_orderblock.py::TestNoFutureLeak::test_detect_at_reads_only_up_to_origin_plus_k
tests/unit/test_e06_orderblock.py::TestNoFutureLeak::test_truncated_future_changes_nothing_before_confirmation
tests/unit/test_e06_orderblock.py::TestAblation::test_removing_each_check_lowers_or_caps_quality
tests/unit/test_e06_orderblock.py::TestAblation::test_asymmetric_zone_tighter_than_full_range
tests/unit/test_e06_orderblock.py::TestCalibration::test_promote_q4_requires_both_statistics
tests/unit/test_e06_orderblock.py::TestCalibration::test_wilson_small_sample_contains_half
tests/unit/test_e06_orderblock.py::TestRedundancyAndConfluence::test_confluence_event_for_nearby_same_direction_obs
tests/unit/test_e06_orderblock.py::TestRedundancyAndConfluence::test_merge_time_window_respected
tests/unit/test_e06_orderblock.py::TestSerializationCompat::test_v3_hl_fields_derive_zone
tests/unit/test_e06_orderblock.py::TestSerializationCompat::test_v3_zone_fields_direct
tests/unit/test_e06_orderblock.py::TestSerializationCompat::test_v3_ambiguity_fails_closed
tests/unit/test_e06_orderblock.py::TestSerializationCompat::test_v4_payload_rejected_by_v3_adapter
tests/unit/test_e06_orderblock.py::TestParameters::test_frozen_defaults_match_chapter_6
tests/unit/test_e06_orderblock.py::TestParameters::test_unknown_param_and_weight_sum_rejected
tests/unit/test_e06_orderblock.py::TestEngineBaseBinding::test_missing_window_fails_closed
tests/unit/test_e06_orderblock.py::TestEngineBaseBinding::test_missing_evidence_fails_closed
tests/unit/test_e06_orderblock.py::TestEngineBaseBinding::test_compute_emits_valid_evidence
tests/unit/test_e06_orderblock.py::TestTDR001::test_double_run_canonical_byte_identical
tests/unit/test_e06_orderblock.py::TestTDR001::test_pit_availability_boundary
tests/unit/test_e07_rtm.py::TestGoldenFixtures::test_fixture_file_is_the_15_case_set
tests/unit/test_e07_rtm.py::TestGoldenFixtures::test_po3_complete_valid
tests/unit/test_e07_rtm.py::TestGoldenFixtures::test_po3_range_fail_vol_high
tests/unit/test_e07_rtm.py::TestGoldenFixtures::test_mss_near_true
tests/unit/test_e07_rtm.py::TestGoldenFixtures::test_mss_near_false_far
tests/unit/test_e07_rtm.py::TestGoldenFixtures::test_ote_valid
tests/unit/test_e07_rtm.py::TestGoldenFixtures::test_ote_invalid_zero_impulse
tests/unit/test_e07_rtm.py::TestGoldenFixtures::test_judas_valid_rev100_in3
tests/unit/test_e07_rtm.py::TestGoldenFixtures::test_judas_fail_rev_small
tests/unit/test_e07_rtm.py::TestGoldenFixtures::test_utc_window_overlap_canonical_inside
tests/unit/test_e07_rtm.py::TestGoldenFixtures::test_utc_window_w1_core_inside_overlap_outside
tests/unit/test_e07_rtm.py::TestGoldenFixtures::test_integrity_order_wrong_penalty_0_5
tests/unit/test_e07_rtm.py::TestGoldenFixtures::test_conflict_resolution
tests/unit/test_e07_rtm.py::TestGoldenFixtures::test_edge_h_l_invalid
tests/unit/test_e07_rtm.py::TestGoldenFixtures::test_edge_v_zero
tests/unit/test_e07_rtm.py::TestGoldenFixtures::test_liquidity_grab_chain_valid
tests/unit/test_e07_rtm.py::TestSequenceIntegrity::test_absent_component_scores_zero
tests/unit/test_e07_rtm.py::TestSequenceIntegrity::test_zero_total_weight_gives_zero_integrity
tests/unit/test_e07_rtm.py::TestSequenceIntegrity::test_untimed_component_gets_partial_penalty
tests/unit/test_e07_rtm.py::TestSequenceIntegrity::test_duplicate_events_are_deduplicated
tests/unit/test_e07_rtm.py::TestSequenceIntegrity::test_pit_ordering_uses_t_confirm_only
tests/unit/test_e07_rtm.py::TestRangeDetection::test_compressed_window_is_a_range
tests/unit/test_e07_rtm.py::TestRangeDetection::test_expanded_window_is_not_a_range
tests/unit/test_e07_rtm.py::TestRangeDetection::test_insufficient_history_fails_closed
tests/unit/test_e07_rtm.py::TestRangeDetection::test_sigma_term_is_enforced_issue_cp4_001
tests/unit/test_e07_rtm.py::TestRangeDetection::test_gap_resets_the_range_issue_cp4_003
tests/unit/test_e07_rtm.py::TestRangeDetection::test_wilder_rma_matches_documented_recursion
tests/unit/test_e07_rtm.py::TestConcepts::test_mss_requires_integrity_gate
tests/unit/test_e07_rtm.py::TestConcepts::test_ote_rejects_nan_and_equal_legs
tests/unit/test_e07_rtm.py::TestConcepts::test_ote_zone_is_ordered_for_down_legs
tests/unit/test_e07_rtm.py::TestConcepts::test_judas_rejects_bad_direction
tests/unit/test_e07_rtm.py::TestConcepts::test_judas_needs_room_for_the_reversal
tests/unit/test_e07_rtm.py::TestConcepts::test_judas_rejects_zero_atr
tests/unit/test_e07_rtm.py::TestUTCWindows::test_window_membership_table
tests/unit/test_e07_rtm.py::TestUTCWindows::test_overlap_formula
tests/unit/test_e07_rtm.py::TestUTCWindows::test_non_utc_timestamp_rejected
tests/unit/test_e07_rtm.py::TestUTCWindows::test_econ_conflict_within_30_min
tests/unit/test_e07_rtm.py::TestUTCWindows::test_e12_absent_is_degraded_and_never_claims_canonical_authority
tests/unit/test_e07_rtm.py::TestUTCWindows::test_e12_present_resolves_the_degraded_branch
tests/unit/test_e07_rtm.py::TestUTCWindows::test_e12_provider_failure_fails_closed_to_degraded
tests/unit/test_e07_rtm.py::TestUTCWindows::test_e12_provider_returning_nothing_fails_closed
tests/unit/test_e07_rtm.py::TestUTCWindows::test_bundle_carries_the_degradation_into_its_lineage
tests/unit/test_e07_rtm.py::TestConfidenceAndQuality::test_confidence_formula
tests/unit/test_e07_rtm.py::TestConfidenceAndQuality::test_weights_sum_to_one
tests/unit/test_e07_rtm.py::TestConfidenceAndQuality::test_kz_align_score
tests/unit/test_e07_rtm.py::TestConfidenceAndQuality::test_cascade_boundaries
tests/unit/test_e07_rtm.py::TestConfidenceAndQuality::test_q5_gates_cap_the_cascade_issue_cp4_006
tests/unit/test_e07_rtm.py::TestConfidenceAndQuality::test_q4_and_q3_gates
tests/unit/test_e07_rtm.py::TestPipeline::test_thresholds_gate_emission
tests/unit/test_e07_rtm.py::TestPipeline::test_mss_framework_uses_theta_mss
tests/unit/test_e07_rtm.py::TestPipeline::test_bid_shape_and_uniqueness_issue_cp4_004
tests/unit/test_e07_rtm.py::TestPipeline::test_snapshot_is_deterministic_and_content_bound
tests/unit/test_e07_rtm.py::TestPipeline::test_streaming_is_idempotent_per_bucket
tests/unit/test_e07_rtm.py::TestPipeline::test_streaming_rejects_malformed_events
tests/unit/test_e07_rtm.py::TestPipeline::test_streaming_pit_filters_future_confirmations
tests/unit/test_e07_rtm.py::TestPipeline::test_fate_machine_forward_only
tests/unit/test_e07_rtm.py::TestBundleSchema::test_schema_valid
tests/unit/test_e07_rtm.py::TestBundleSchema::test_schema_rejects_bad_fields
tests/unit/test_e07_rtm.py::TestBundleSchema::test_framework_ids_are_the_schema_enum
tests/unit/test_e07_rtm.py::TestParams::test_defaults_are_the_chapter_literals
tests/unit/test_e07_rtm.py::TestParams::test_unknown_key_rejected
tests/unit/test_e07_rtm.py::TestParams::test_override_applies
tests/unit/test_e07_rtm.py::TestReplayAndPIT::test_100_replays_identical_snapshot_id
tests/unit/test_e07_rtm.py::TestReplayAndPIT::test_run_engine_replay_is_byte_identical
tests/unit/test_e07_rtm.py::TestReplayAndPIT::test_no_future_leak
tests/unit/test_e07_rtm.py::TestReplayAndPIT::test_empty_window_fails_closed
tests/unit/test_e07_rtm.py::TestAblationCalibrationRedundancy::test_ablation_deltas_are_ordered_like_the_chapter_table
tests/unit/test_e07_rtm.py::TestAblationCalibrationRedundancy::test_wilson_ci_matches_the_formula
tests/unit/test_e07_rtm.py::TestAblationCalibrationRedundancy::test_integrity_buckets_are_monotone_in_the_wilson_lower_bound
tests/unit/test_e07_rtm.py::TestAblationCalibrationRedundancy::test_redundancy_halves_the_correlated_weight
tests/unit/test_e07_rtm.py::TestAblationCalibrationRedundancy::test_pearson_edge_cases
tests/unit/test_e07_rtm.py::TestSerialization::test_v3_payload_upcasts_without_failing
tests/unit/test_e07_rtm.py::TestSerialization::test_v3_roundtrip_is_stable
tests/unit/test_e07_rtm.py::TestSerialization::test_v3_ambiguous_payload_rejected
tests/unit/test_e07_rtm.py::TestRunEngineAndBase::test_run_engine_emits_bundle_complete
tests/unit/test_e07_rtm.py::TestRunEngineAndBase::test_run_engine_without_events_emits_incomplete
tests/unit/test_e07_rtm.py::TestRunEngineAndBase::test_missing_window_fails_closed
tests/unit/test_e07_rtm.py::TestRunEngineAndBase::test_compute_emits_24_field_valid_evidence
tests/unit/test_e07_rtm.py::TestRunEngineAndBase::test_compute_returns_empty_for_an_empty_window
tests/unit/test_e07_rtm.py::TestRunEngineAndBase::test_compute_rejects_unknown_params
tests/unit/test_e07_rtm.py::TestRunEngineAndBase::test_t_dr_001_deterministic_replay
tests/unit/test_e07_rtm.py::TestWaveOutDiscipline::test_no_wave_out_feature_is_silently_stubbed
tests/unit/test_e07_rtm.py::TestWaveOutDiscipline::test_engine_module_has_no_placeholders
tests/unit/test_e08_wyckoff.py::TestGoldenFixtures::test_fixture_shape_is_the_chapter_contract
tests/unit/test_e08_wyckoff.py::TestGoldenFixtures::test_hashes_are_real_and_recompute
tests/unit/test_e08_wyckoff.py::TestGoldenFixtures::test_sc_canonical
tests/unit/test_e08_wyckoff.py::TestGoldenFixtures::test_sc_negative_fixtures[FIX_E08_02_SC_FAIL_CLOSEPOS]
tests/unit/test_e08_wyckoff.py::TestGoldenFixtures::test_sc_negative_fixtures[FIX_E08_03_SC_FAIL_VOLRATIO]
tests/unit/test_e08_wyckoff.py::TestGoldenFixtures::test_sc_negative_fixtures[FIX_E08_04_SC_FAIL_RANGEZ]
tests/unit/test_e08_wyckoff.py::TestGoldenFixtures::test_edge_h_l_invalid
tests/unit/test_e08_wyckoff.py::TestGoldenFixtures::test_edge_atr_zero
tests/unit/test_e08_wyckoff.py::TestGoldenFixtures::test_range_boundary_fixture
tests/unit/test_e08_wyckoff.py::TestGoldenFixtures::test_spring_fixture
tests/unit/test_e08_wyckoff.py::TestGoldenFixtures::test_sos_fixture
tests/unit/test_e08_wyckoff.py::TestGoldenFixtures::test_st_fixture
tests/unit/test_e08_wyckoff.py::TestGoldenFixtures::test_utad_fixture
tests/unit/test_e08_wyckoff.py::TestGoldenFixtures::test_phase_vector_fixture
tests/unit/test_e08_wyckoff.py::TestThreeLaws::test_true_range_and_rma
tests/unit/test_e08_wyckoff.py::TestThreeLaws::test_atr14_uses_wilder_rma_and_drops_invalid_bars
tests/unit/test_e08_wyckoff.py::TestThreeLaws::test_volume_z_and_range_z_are_z_scores_issue_cp4_010
tests/unit/test_e08_wyckoff.py::TestThreeLaws::test_evr_is_the_corrected_formulation
tests/unit/test_e08_wyckoff.py::TestThreeLaws::test_effort_result_correlation_and_threshold
tests/unit/test_e08_wyckoff.py::TestThreeLaws::test_cause_effect_continuous_variant
tests/unit/test_e08_wyckoff.py::TestThreeLaws::test_point_figure_count
tests/unit/test_e08_wyckoff.py::TestPhaseMath::test_softmax_and_entropy
tests/unit/test_e08_wyckoff.py::TestPhaseMath::test_entropy_threshold_semantics
tests/unit/test_e08_wyckoff.py::TestPhaseMath::test_score_functions
tests/unit/test_e08_wyckoff.py::TestPhaseMath::test_position_score_is_clamped_to_the_stated_domain
tests/unit/test_e08_wyckoff.py::TestPhaseMath::test_structure_score_only_for_accum_and_markup
tests/unit/test_e08_wyckoff.py::TestPhaseMath::test_score_matrix_shape_and_provenance
tests/unit/test_e08_wyckoff.py::TestPhaseMath::test_unspecified_cells_are_neutral_not_biasing
tests/unit/test_e08_wyckoff.py::TestPhaseMath::test_phase_probabilities_contract
tests/unit/test_e08_wyckoff.py::TestPhaseMath::test_chapter9_three_phase_example_is_not_reproducible
tests/unit/test_e08_wyckoff.py::TestPhaseMath::test_z_accumulation_matches_the_chapter_components
tests/unit/test_e08_wyckoff.py::TestPhaseMath::test_transition_matrix_is_the_dirichlet_formula
tests/unit/test_e08_wyckoff.py::TestPhaseMath::test_ambiguous_suppression
tests/unit/test_e08_wyckoff.py::TestEventContract::test_sc_requires_the_low_extremum
tests/unit/test_e08_wyckoff.py::TestEventContract::test_ar_window_and_geometry
tests/unit/test_e08_wyckoff.py::TestEventContract::test_st_band_and_volume
tests/unit/test_e08_wyckoff.py::TestEventContract::test_spring_conditions
tests/unit/test_e08_wyckoff.py::TestEventContract::test_spring_recovery_window
tests/unit/test_e08_wyckoff.py::TestEventContract::test_ut_and_utad
tests/unit/test_e08_wyckoff.py::TestEventContract::test_lps_and_lpsy
tests/unit/test_e08_wyckoff.py::TestEventContract::test_range_detection_edges
tests/unit/test_e08_wyckoff.py::TestStreamingEngine::test_full_sequence_advances_the_state_machine
tests/unit/test_e08_wyckoff.py::TestStreamingEngine::test_invalidation_and_expiry
tests/unit/test_e08_wyckoff.py::TestStreamingEngine::test_state_machine_is_forward_only
tests/unit/test_e08_wyckoff.py::TestStreamingEngine::test_quality_ladder
tests/unit/test_e08_wyckoff.py::TestStreamingEngine::test_cycle_state_schema
tests/unit/test_e08_wyckoff.py::TestStreamingEngine::test_degraded_when_evidence_is_undefined
tests/unit/test_e08_wyckoff.py::TestStreamingEngine::test_run_engine_shape
tests/unit/test_e08_wyckoff.py::TestEncyclopediaWaveOut::test_chapter_1_is_served
tests/unit/test_e08_wyckoff.py::TestEncyclopediaWaveOut::test_chapters_2_to_4_raise_wave_out[2]
tests/unit/test_e08_wyckoff.py::TestEncyclopediaWaveOut::test_chapters_2_to_4_raise_wave_out[3]
tests/unit/test_e08_wyckoff.py::TestEncyclopediaWaveOut::test_chapters_2_to_4_raise_wave_out[4]
tests/unit/test_e08_wyckoff.py::TestEncyclopediaWaveOut::test_wave_out_reasons_are_deterministic
tests/unit/test_e08_wyckoff.py::TestEncyclopediaWaveOut::test_unknown_chapter_fails_closed
tests/unit/test_e08_wyckoff.py::TestEncyclopediaWaveOut::test_no_stub_placeholder_in_wave_in_code
tests/unit/test_e08_wyckoff.py::TestParams::test_defaults_are_the_chapter_literals
tests/unit/test_e08_wyckoff.py::TestParams::test_unknown_key_rejected
tests/unit/test_e08_wyckoff.py::TestParams::test_governed_override_applies
tests/unit/test_e08_wyckoff.py::TestReplayLeakCalibration::test_deterministic_replay_identical_snapshot
tests/unit/test_e08_wyckoff.py::TestReplayLeakCalibration::test_streaming_idempotency_key
tests/unit/test_e08_wyckoff.py::TestReplayLeakCalibration::test_no_future_leak_future_candle_cannot_change_a_past_sc
tests/unit/test_e08_wyckoff.py::TestReplayLeakCalibration::test_brier_and_log_loss_formulas
tests/unit/test_e08_wyckoff.py::TestReplayLeakCalibration::test_calibration_targets_are_the_chapter_numbers
tests/unit/test_e08_wyckoff.py::TestReplayLeakCalibration::test_wilson_ci_reproduces_the_chapter_interval
tests/unit/test_e08_wyckoff.py::TestReplayLeakCalibration::test_ablation_position_dominates
tests/unit/test_e08_wyckoff.py::TestReplayLeakCalibration::test_redundancy_spring_vs_sweep
tests/unit/test_e08_wyckoff.py::TestReplayLeakCalibration::test_serialization_is_stable_across_runs
tests/unit/test_e08_wyckoff.py::TestReplayLeakCalibration::test_snapshot_id_is_content_bound
tests/unit/test_e08_wyckoff.py::TestEngineBaseBinding::test_missing_window_fails_closed
tests/unit/test_e08_wyckoff.py::TestEngineBaseBinding::test_empty_window_emits_nothing
tests/unit/test_e08_wyckoff.py::TestEngineBaseBinding::test_absent_atr_evidence_degrades_rather_than_recomputing
tests/unit/test_e08_wyckoff.py::TestEngineBaseBinding::test_compute_emits_24_field_valid_evidence
tests/unit/test_e08_wyckoff.py::TestEngineBaseBinding::test_compute_rejects_unknown_params
tests/unit/test_e08_wyckoff.py::TestEngineBaseBinding::test_t_dr_001_deterministic_replay
tests/unit/test_e09_trend.py::TestGoldenFixtures::test_eleven_cases_present_with_hashes
tests/unit/test_e09_trend.py::TestGoldenFixtures::test_fix01_uptrend_strong
tests/unit/test_e09_trend.py::TestGoldenFixtures::test_fix02_downtrend
tests/unit/test_e09_trend.py::TestGoldenFixtures::test_fix03_sideways_direction_divergence
tests/unit/test_e09_trend.py::TestGoldenFixtures::test_fix04_adx_known_values
tests/unit/test_e09_trend.py::TestGoldenFixtures::test_fix05_mann_kendall_tie_correction
tests/unit/test_e09_trend.py::TestGoldenFixtures::test_fix06_hurst_trending
tests/unit/test_e09_trend.py::TestGoldenFixtures::test_fix07_hurst_mean_reverting
tests/unit/test_e09_trend.py::TestGoldenFixtures::test_fix08_exhaustion_divergence
tests/unit/test_e09_trend.py::TestGoldenFixtures::test_fix09_stack_aligned
tests/unit/test_e09_trend.py::TestGoldenFixtures::test_fix10_quality_formula
tests/unit/test_e09_trend.py::TestGoldenFixtures::test_fix11_edge_h_l_invalid
tests/unit/test_e09_trend.py::TestFormulas::test_pos_scale_is_the_atr_normalised_distance
tests/unit/test_e09_trend.py::TestFormulas::test_seq_score_counts_only_confirmed_swings
tests/unit/test_e09_trend.py::TestFormulas::test_pit_violation_raises
tests/unit/test_e09_trend.py::TestFormulas::test_dedup_swings
tests/unit/test_e09_trend.py::TestFormulas::test_direction_and_strength
tests/unit/test_e09_trend.py::TestFormulas::test_quality_formula_and_clip
tests/unit/test_e09_trend.py::TestFormulas::test_quality_ladder
tests/unit/test_e09_trend.py::TestStatistics::test_mann_kendall_monotone_and_flat
tests/unit/test_e09_trend.py::TestStatistics::test_mann_kendall_all_ties_var_is_zero
tests/unit/test_e09_trend.py::TestStatistics::test_newey_west_lag_rule
tests/unit/test_e09_trend.py::TestStatistics::test_ols_newey_west_recovers_the_slope
tests/unit/test_e09_trend.py::TestStatistics::test_ols_newey_west_inflates_se_under_autocorrelation
tests/unit/test_e09_trend.py::TestStatistics::test_ols_degenerate_inputs
tests/unit/test_e09_trend.py::TestStatistics::test_hurst_needs_enough_points
tests/unit/test_e09_trend.py::TestStatistics::test_hurst_expected_rs_table
tests/unit/test_e09_trend.py::TestADX::test_wilder_rma_step
tests/unit/test_e09_trend.py::TestADX::test_directional_movement
tests/unit/test_e09_trend.py::TestADX::test_adx_warmup_flags
tests/unit/test_e09_trend.py::TestADX::test_adx_empty_and_invalid_bars
tests/unit/test_e09_trend.py::TestADX::test_adx_scales_with_trend_purity
tests/unit/test_e09_trend.py::TestDivergenceAndStack::test_exhaustion_score_formula
tests/unit/test_e09_trend.py::TestDivergenceAndStack::test_divergence_degrades_without_momentum
tests/unit/test_e09_trend.py::TestDivergenceAndStack::test_bearish_divergence_detected
tests/unit/test_e09_trend.py::TestDivergenceAndStack::test_no_divergence_when_momentum_confirms
tests/unit/test_e09_trend.py::TestDivergenceAndStack::test_stack_weights_sum_to_one
tests/unit/test_e09_trend.py::TestDivergenceAndStack::test_stack_bias_is_the_weighted_mean
tests/unit/test_e09_trend.py::TestDivergenceAndStack::test_alignment_classes[dirs0-ALIGNED_BULL]
tests/unit/test_e09_trend.py::TestDivergenceAndStack::test_alignment_classes[dirs1-ALIGNED_BEAR]
tests/unit/test_e09_trend.py::TestDivergenceAndStack::test_alignment_classes[dirs2-CONFLICTING]
tests/unit/test_e09_trend.py::TestDivergenceAndStack::test_alignment_classes[dirs3-SIDEWAYS]
tests/unit/test_e09_trend.py::TestDivergenceAndStack::test_alignment_bands_are_disjoint
tests/unit/test_e09_trend.py::TestDivergenceAndStack::test_quality_aggregate_is_weighted
tests/unit/test_e09_trend.py::TestContinuityAndState::test_continuity_break_on_a_time_gap
tests/unit/test_e09_trend.py::TestContinuityAndState::test_scale_state_matrix
tests/unit/test_e09_trend.py::TestContinuityAndState::test_trend_scale_schema_validation
tests/unit/test_e09_trend.py::TestContinuityAndState::test_schema_rejects_an_invalid_direction
tests/unit/test_e09_trend.py::TestContinuityAndState::test_stack_payload_shape
tests/unit/test_e09_trend.py::TestParamsAndEvents::test_defaults_are_the_chapter_literals
tests/unit/test_e09_trend.py::TestParamsAndEvents::test_unknown_param_rejected
tests/unit/test_e09_trend.py::TestParamsAndEvents::test_event_catalog_is_complete
tests/unit/test_e09_trend.py::TestParamsAndEvents::test_stack_aligned_event_emitted
tests/unit/test_e09_trend.py::TestParamsAndEvents::test_oi_missing_is_labelled_not_fabricated
tests/unit/test_e09_trend.py::TestParamsAndEvents::test_swings_absent_degrades_the_sequence_term
tests/unit/test_e09_trend.py::TestParamsAndEvents::test_no_stub_placeholders_in_wave_in_code
tests/unit/test_e09_trend.py::TestDeterminismAndBinding::test_snapshot_is_content_bound
tests/unit/test_e09_trend.py::TestDeterminismAndBinding::test_replay_is_byte_identical
tests/unit/test_e09_trend.py::TestDeterminismAndBinding::test_pearson_helper
tests/unit/test_e09_trend.py::TestDeterminismAndBinding::test_wilson_ci_bounds
tests/unit/test_e09_trend.py::TestDeterminismAndBinding::test_missing_window_fails_closed
tests/unit/test_e09_trend.py::TestDeterminismAndBinding::test_empty_window_emits_nothing
tests/unit/test_e09_trend.py::TestDeterminismAndBinding::test_compute_emits_one_event_per_scale
tests/unit/test_e09_trend.py::TestDeterminismAndBinding::test_compute_rejects_unknown_params
tests/unit/test_e09_trend.py::TestDeterminismAndBinding::test_t_dr_001_deterministic_replay
tests/unit/test_e10_momentum.py::TestGoldenFixtures::test_seventeen_cases_present_with_hashes
tests/unit/test_e10_momentum.py::TestGoldenFixtures::test_gf01_rsi_wilder_rma
tests/unit/test_e10_momentum.py::TestGoldenFixtures::test_gf02_stochastic_hh_ll
tests/unit/test_e10_momentum.py::TestGoldenFixtures::test_gf03_macd_full
tests/unit/test_e10_momentum.py::TestGoldenFixtures::test_gf04_impulse_bull
tests/unit/test_e10_momentum.py::TestGoldenFixtures::test_gf05_gf06_exhaustion_symmetric[GF05_Exhaustion_Sym_Bull]
tests/unit/test_e10_momentum.py::TestGoldenFixtures::test_gf05_gf06_exhaustion_symmetric[GF06_Exhaustion_Sym_Bear]
tests/unit/test_e10_momentum.py::TestGoldenFixtures::test_gf07_gf10_pivot_divergence_kinds[GF07_Div_Regular_Bearish_Pivot-HIGH]
tests/unit/test_e10_momentum.py::TestGoldenFixtures::test_gf07_gf10_pivot_divergence_kinds[GF08_Div_Regular_Bullish_Pivot-LOW]
tests/unit/test_e10_momentum.py::TestGoldenFixtures::test_gf07_gf10_pivot_divergence_kinds[GF09_Div_Hidden_Bullish-LOW]
tests/unit/test_e10_momentum.py::TestGoldenFixtures::test_gf07_gf10_pivot_divergence_kinds[GF10_Div_Hidden_Bearish-HIGH]
tests/unit/test_e10_momentum.py::TestGoldenFixtures::test_gf11_ols_slope
tests/unit/test_e10_momentum.py::TestGoldenFixtures::test_gf12_mvz_corr
tests/unit/test_e10_momentum.py::TestGoldenFixtures::test_gf13_warmup_refusal
tests/unit/test_e10_momentum.py::TestGoldenFixtures::test_gf14_idempotency
tests/unit/test_e10_momentum.py::TestGoldenFixtures::test_gf15_convergence
tests/unit/test_e10_momentum.py::TestGoldenFixtures::test_gf16_divergence_none
tests/unit/test_e10_momentum.py::TestGoldenFixtures::test_gf17_zero_volume_edge
tests/unit/test_e10_momentum.py::TestFormulas::test_log_return_edges
tests/unit/test_e10_momentum.py::TestFormulas::test_momentum_z_window_and_sigma
tests/unit/test_e10_momentum.py::TestFormulas::test_rsi_rma_vs_sma_ablation
tests/unit/test_e10_momentum.py::TestFormulas::test_rsi_edges_all_gain_and_flat
tests/unit/test_e10_momentum.py::TestFormulas::test_roc_index_is_t_minus_n
tests/unit/test_e10_momentum.py::TestFormulas::test_stochastic_flat_is_50
tests/unit/test_e10_momentum.py::TestFormulas::test_macd_matches_independent_ema_recursion
tests/unit/test_e10_momentum.py::TestFormulas::test_wilson_ci_bounds
tests/unit/test_e10_momentum.py::TestStatistics::test_pearson_degenerate_is_zero
tests/unit/test_e10_momentum.py::TestStatistics::test_volume_features_vr_vz
tests/unit/test_e10_momentum.py::TestStatistics::test_impulse_mvz_clause
tests/unit/test_e10_momentum.py::TestStatistics::test_exhaustion_requires_fading_participation
tests/unit/test_e10_momentum.py::TestStatistics::test_divergence_mag_bounds
tests/unit/test_e10_momentum.py::TestStatistics::test_classify_pivot_pair_thresholds_and_fail_closed
tests/unit/test_e10_momentum.py::TestStreamingAndState::test_invalid_candle_discarded_q0
tests/unit/test_e10_momentum.py::TestStreamingAndState::test_unknown_interval_fails_closed
tests/unit/test_e10_momentum.py::TestStreamingAndState::test_gap_break_resets_smothers
tests/unit/test_e10_momentum.py::TestStreamingAndState::test_warmup_refusal_then_state
tests/unit/test_e10_momentum.py::TestStreamingAndState::test_runtime_quality_capped_at_q4
tests/unit/test_e10_momentum.py::TestStreamingAndState::test_disagreement_downgrades_to_q2
tests/unit/test_e10_momentum.py::TestStreamingAndState::test_state_schema_fail_closed
tests/unit/test_e10_momentum.py::TestStreamingAndState::test_trend_context_downgrade_matrix
tests/unit/test_e10_momentum.py::TestStreamingAndState::test_pit_pivots_confirm_lag_and_no_leak
tests/unit/test_e10_momentum.py::TestStreamingAndState::test_deterministic_replay_check
tests/unit/test_e10_momentum.py::TestStreamingAndState::test_replay_is_byte_identical
tests/unit/test_e10_momentum.py::TestParamsAndEvents::test_defaults_are_the_frozen_six_surface
tests/unit/test_e10_momentum.py::TestParamsAndEvents::test_unknown_params_rejected_fail_closed
tests/unit/test_e10_momentum.py::TestParamsAndEvents::test_param_hash_stable_12_hex
tests/unit/test_e10_momentum.py::TestParamsAndEvents::test_event_catalog_and_kind_mapping
tests/unit/test_e10_momentum.py::TestParamsAndEvents::test_interval_universe_is_the_frozen_14tf
tests/unit/test_e10_momentum.py::TestParamsAndEvents::test_catalog_events_empty_for_refusal
tests/unit/test_e10_momentum.py::TestParamsAndEvents::test_snapshot_id_content_bound
tests/unit/test_e10_momentum.py::TestBatteryHelpers::test_divergence_success_definitions
tests/unit/test_e10_momentum.py::TestBatteryHelpers::test_calibration_report
tests/unit/test_e10_momentum.py::TestBatteryHelpers::test_redundancy_report_thresholds
tests/unit/test_e10_momentum.py::TestBatteryHelpers::test_load_v3_adapter_fail_closed
tests/unit/test_e10_momentum.py::TestBatteryHelpers::test_momentum_state_projection_for_e11
tests/unit/test_e10_momentum.py::TestDeterminismAndBinding::test_missing_window_fails_closed
tests/unit/test_e10_momentum.py::TestDeterminismAndBinding::test_empty_window_emits_nothing
tests/unit/test_e10_momentum.py::TestDeterminismAndBinding::test_compute_emits_context_only_events
tests/unit/test_e10_momentum.py::TestDeterminismAndBinding::test_compute_warmup_window_emits_nothing
tests/unit/test_e10_momentum.py::TestDeterminismAndBinding::test_compute_rejects_unknown_params
tests/unit/test_e10_momentum.py::TestDeterminismAndBinding::test_observation_to_bar_shape
tests/unit/test_e10_momentum.py::TestDeterminismAndBinding::test_t_dr_001_deterministic_replay
tests/unit/test_e10_momentum.py::TestDeterminismAndBinding::test_state_required_keys_and_q_enum
tests/unit/test_e11_regime.py::TestGoldenFixtures::test_eighteen_cases_present_with_hashes
tests/unit/test_e11_regime.py::TestGoldenFixtures::test_regime_fixture_full_state[GF_01_TREND_EXPANSION]
tests/unit/test_e11_regime.py::TestGoldenFixtures::test_regime_fixture_full_state[GF_02_CRISIS_TURBULENCE]
tests/unit/test_e11_regime.py::TestGoldenFixtures::test_regime_fixture_full_state[GF_03_COMPRESSION_SQUEEZE]
tests/unit/test_e11_regime.py::TestGoldenFixtures::test_regime_fixture_full_state[GF_04_RANGE]
tests/unit/test_e11_regime.py::TestGoldenFixtures::test_regime_fixture_full_state[GF_05_CHOP_LOW_PART]
tests/unit/test_e11_regime.py::TestGoldenFixtures::test_regime_fixture_full_state[GF_06_TRANSITION_HIGH_ENTROPY]
tests/unit/test_e11_regime.py::TestGoldenFixtures::test_regime_fixture_full_state[GF_07_EXPANSION]
tests/unit/test_e11_regime.py::TestGoldenFixtures::test_regime_fixture_full_state[GF_08_TREND_CONTRACTION]
tests/unit/test_e11_regime.py::TestGoldenFixtures::test_regime_fixture_full_state[GF_09_GAP_EDGE]
tests/unit/test_e11_regime.py::TestGoldenFixtures::test_gf09_gap_adjustment_applied
tests/unit/test_e11_regime.py::TestGoldenFixtures::test_gf10_missing_input_fail_closed
tests/unit/test_e11_regime.py::TestGoldenFixtures::test_gf11_hysteresis_sequence
tests/unit/test_e11_regime.py::TestGoldenFixtures::test_gf12_t_dirichlet_exact
tests/unit/test_e11_regime.py::TestGoldenFixtures::test_gf13_hamilton_filter_simplex
tests/unit/test_e11_regime.py::TestGoldenFixtures::test_gf14_ewma_update_exact
tests/unit/test_e11_regime.py::TestGoldenFixtures::test_gf15_w_shape_fail_closed_no_fallback
tests/unit/test_e11_regime.py::TestGoldenFixtures::test_gf16_v_zero
tests/unit/test_e11_regime.py::TestGoldenFixtures::test_gf17_live_gate_default_off
tests/unit/test_e11_regime.py::TestGoldenFixtures::test_gf18_base_rate_cap_q3
tests/unit/test_e11_regime.py::TestTE11K9::test_registry_is_exactly_9
tests/unit/test_e11_regime.py::TestTE11K9::test_state_enum_is_9_plus_ambiguous
tests/unit/test_e11_regime.py::TestTE11K9::test_probs_and_logits_always_9[GF_01_TREND_EXPANSION]
tests/unit/test_e11_regime.py::TestTE11K9::test_probs_and_logits_always_9[GF_02_CRISIS_TURBULENCE]
tests/unit/test_e11_regime.py::TestTE11K9::test_probs_and_logits_always_9[GF_04_RANGE]
tests/unit/test_e11_regime.py::TestTE11K9::test_probs_and_logits_always_9[GF_06_TRANSITION_HIGH_ENTROPY]
tests/unit/test_e11_regime.py::TestTE11K9::test_probs_and_logits_always_9[GF_07_EXPANSION]
tests/unit/test_e11_regime.py::TestTE11K9::test_probs_and_logits_always_9[GF_09_GAP_EDGE]
tests/unit/test_e11_regime.py::TestTE11K9::test_T_always_9x9_even_from_sparse_data
tests/unit/test_e11_regime.py::TestTE11K9::test_K_deviation_fails_closed
tests/unit/test_e11_regime.py::TestTE11K9::test_vector_is_exactly_8_dimensional
tests/unit/test_e11_regime.py::TestTE11K9::test_covariance_is_8x8_cholesky_guarded
tests/unit/test_e11_regime.py::TestNorms::test_method_a_minmax
tests/unit/test_e11_regime.py::TestNorms::test_method_b_sigmoid
tests/unit/test_e11_regime.py::TestNorms::test_method_c_momentum
tests/unit/test_e11_regime.py::TestNorms::test_bias_weights_and_fail_closed
tests/unit/test_e11_regime.py::TestNorms::test_compression_atr_boost
tests/unit/test_e11_regime.py::TestNorms::test_nonfinite_inputs_fail_closed
tests/unit/test_e11_regime.py::TestSoftmaxRuleTree::test_softmax_uniform_entropy_is_ln9
tests/unit/test_e11_regime.py::TestSoftmaxRuleTree::test_softmax_peaked_entropy_near_zero
tests/unit/test_e11_regime.py::TestSoftmaxRuleTree::test_softmax_fail_closed
tests/unit/test_e11_regime.py::TestSoftmaxRuleTree::test_rule_tree_priority_order
tests/unit/test_e11_regime.py::TestSoftmaxRuleTree::test_quality_cascade
tests/unit/test_e11_regime.py::TestSoftmaxRuleTree::test_apply_quality_caps_worst_of
tests/unit/test_e11_regime.py::TestStreamingState::test_duplicate_as_of_is_idempotent
tests/unit/test_e11_regime.py::TestStreamingState::test_h_lt_l_q0_degraded
tests/unit/test_e11_regime.py::TestStreamingState::test_time_offset_degraded
tests/unit/test_e11_regime.py::TestStreamingState::test_contract_mismatch_caps_q1
tests/unit/test_e11_regime.py::TestStreamingState::test_warmup_refusal_until_windows_filled
tests/unit/test_e11_regime.py::TestStreamingState::test_missing_prev_mom_fails_closed
tests/unit/test_e11_regime.py::TestStreamingState::test_pit_no_future_leak
tests/unit/test_e11_regime.py::TestStreamingState::test_deterministic_replay_byte_identical
tests/unit/test_e11_regime.py::TestStreamingState::test_gaussian_emission_log_form
tests/unit/test_e11_regime.py::TestStreamingState::test_state_schema_fail_closed
tests/unit/test_e11_regime.py::TestParams::test_yaml_reasserted_against_chapter_defaults
tests/unit/test_e11_regime.py::TestParams::test_temp_yaml_theta_h_reaches_get_params
tests/unit/test_e11_regime.py::TestParams::test_runtime_override_wins
tests/unit/test_e11_regime.py::TestParams::test_unknown_params_rejected
tests/unit/test_e11_regime.py::TestParams::test_param_hash_stable_12_hex
tests/unit/test_e11_regime.py::TestParams::test_defaults_cover_chapter_table
tests/unit/test_e11_regime.py::TestParams::test_event_catalog_complete
tests/unit/test_e11_regime.py::TestBatteryHelpers::test_delayed_labels
tests/unit/test_e11_regime.py::TestBatteryHelpers::test_wilson_and_base_rates
tests/unit/test_e11_regime.py::TestBatteryHelpers::test_calibration_q3_caps
tests/unit/test_e11_regime.py::TestBatteryHelpers::test_redundancy_compression_vs_volatility
tests/unit/test_e11_regime.py::TestBatteryHelpers::test_serialize_state_six_decimals
tests/unit/test_e11_regime.py::TestBatteryHelpers::test_load_v3_adapter_fail_closed
tests/unit/test_e11_regime.py::TestBatteryHelpers::test_hysteresis_manager_direct
tests/unit/test_e11_regime.py::TestWaveOutAndBinding::test_forecast_next_regime_is_wave_out
tests/unit/test_e11_regime.py::TestWaveOutAndBinding::test_compute_forecast_context_raises_wave_out
tests/unit/test_e11_regime.py::TestWaveOutAndBinding::test_compute_adaptive_atr_raises_wave_out
tests/unit/test_e11_regime.py::TestWaveOutAndBinding::test_missing_window_fails_closed
tests/unit/test_e11_regime.py::TestWaveOutAndBinding::test_empty_candles_emit_nothing
tests/unit/test_e11_regime.py::TestWaveOutAndBinding::test_compute_emits_context_only_events
tests/unit/test_e11_regime.py::TestWaveOutAndBinding::test_compute_refusal_emits_nothing
tests/unit/test_e11_regime.py::TestWaveOutAndBinding::test_compute_rejects_unknown_params
tests/unit/test_e11_regime.py::TestWaveOutAndBinding::test_t_dr_001_deterministic_replay
tests/unit/test_e11_regime.py::TestWaveOutAndBinding::test_catalog_events
tests/unit/test_e11_regime.py::TestWaveOutAndBinding::test_snapshot_id_content_bound
tests/unit/test_e12_temporal.py::TestGoldenFixtures::test_fixture_doc_identity
tests/unit/test_e12_temporal.py::TestGoldenFixtures::test_fixture_hashes
tests/unit/test_e12_temporal.py::TestGoldenFixtures::test_fixture_expected[GF01_UTC_W0]
tests/unit/test_e12_temporal.py::TestGoldenFixtures::test_fixture_expected[GF02_UTC_W1_EARLY]
tests/unit/test_e12_temporal.py::TestGoldenFixtures::test_fixture_expected[GF03_OVERLAP_ENTRY]
tests/unit/test_e12_temporal.py::TestGoldenFixtures::test_fixture_expected[GF04_UTC_W2_AFTER]
tests/unit/test_e12_temporal.py::TestGoldenFixtures::test_fixture_expected[GF05_HIGH_IMPACT]
tests/unit/test_e12_temporal.py::TestGoldenFixtures::test_fixture_expected[GF06_SATURDAY_SUNDAY_CONTEXT]
tests/unit/test_e12_temporal.py::TestGoldenFixtures::test_fixture_expected[GF07_INVALID_HL]
tests/unit/test_e12_temporal.py::TestGoldenFixtures::test_fixture_expected[GF08_ZERO_VOLUME]
tests/unit/test_e12_temporal.py::TestGoldenFixtures::test_fixture_expected[GF09_GAP]
tests/unit/test_e12_temporal.py::TestGoldenFixtures::test_fixture_expected[GF10_ROLLOVER]
tests/unit/test_e12_temporal.py::TestGoldenFixtures::test_fixture_expected[GF11_FRIDAY]
tests/unit/test_e12_temporal.py::TestGoldenFixtures::test_fixture_expected[GF12_OVERLAP_EDGE]
tests/unit/test_e12_temporal.py::TestGoldenFixtures::test_gf05_high_impact_and_vr
tests/unit/test_e12_temporal.py::TestGoldenFixtures::test_gf07_q0_payload_shape_and_fate
tests/unit/test_e12_temporal.py::TestGoldenFixtures::test_gf09_gap_formula_governs
tests/unit/test_e12_temporal.py::TestGoldenFixtures::test_gf10_rollover_needs_configuration
tests/unit/test_e12_temporal.py::TestGoldenFixtures::test_gf12_exclusive_overlap_end
tests/unit/test_e12_temporal.py::TestTE12Windows::test_boundary_sweep[2024-03-15T00:00:00Z-UTC_W0-False-MID]
tests/unit/test_e12_temporal.py::TestTE12Windows::test_boundary_sweep[2024-03-15T06:59:59Z-UTC_W0-False-MID]
tests/unit/test_e12_temporal.py::TestTE12Windows::test_boundary_sweep[2024-03-15T07:00:00Z-UTC_W1-False-EARLY]
tests/unit/test_e12_temporal.py::TestTE12Windows::test_boundary_sweep[2024-03-15T07:59:59Z-UTC_W1-False-EARLY]
tests/unit/test_e12_temporal.py::TestTE12Windows::test_boundary_sweep[2024-03-15T08:00:00Z-UTC_W1-False-MID]
tests/unit/test_e12_temporal.py::TestTE12Windows::test_boundary_sweep[2024-03-15T11:29:59Z-UTC_W1-False-MID]
tests/unit/test_e12_temporal.py::TestTE12Windows::test_boundary_sweep[2024-03-15T11:30:00Z-UTC_W1-False-LATE]
tests/unit/test_e12_temporal.py::TestTE12Windows::test_boundary_sweep[2024-03-15T12:29:59Z-UTC_W1-False-LATE]
tests/unit/test_e12_temporal.py::TestTE12Windows::test_boundary_sweep[2024-03-15T12:30:00Z-UTC_W2-True-EARLY]
tests/unit/test_e12_temporal.py::TestTE12Windows::test_boundary_sweep[2024-03-15T12:59:59Z-UTC_W2-True-EARLY]
tests/unit/test_e12_temporal.py::TestTE12Windows::test_boundary_sweep[2024-03-15T13:00:00Z-UTC_W2-True-MID]
tests/unit/test_e12_temporal.py::TestTE12Windows::test_boundary_sweep[2024-03-15T15:59:59Z-UTC_W2-True-MID]
tests/unit/test_e12_temporal.py::TestTE12Windows::test_boundary_sweep[2024-03-15T16:00:00Z-UTC_W2-False-MID]
tests/unit/test_e12_temporal.py::TestTE12Windows::test_boundary_sweep[2024-03-15T20:29:59Z-UTC_W2-False-MID]
tests/unit/test_e12_temporal.py::TestTE12Windows::test_boundary_sweep[2024-03-15T20:30:00Z-UTC_W2-False-LATE]
tests/unit/test_e12_temporal.py::TestTE12Windows::test_boundary_sweep[2024-03-15T20:59:59Z-UTC_W2-False-LATE]
tests/unit/test_e12_temporal.py::TestTE12Windows::test_boundary_sweep[2024-03-15T21:00:00Z-UTC_W3-False-MID]
tests/unit/test_e12_temporal.py::TestTE12Windows::test_boundary_sweep[2024-03-15T23:59:59Z-UTC_W3-False-MID]
tests/unit/test_e12_temporal.py::TestTE12Windows::test_registry_is_canonical_3_5
tests/unit/test_e12_temporal.py::TestTE12Windows::test_overlap_is_derived_never_primary
tests/unit/test_e12_temporal.py::TestTE12Windows::test_core_windows
tests/unit/test_e12_temporal.py::TestTE12Windows::test_tod_bins_case_study
tests/unit/test_e12_temporal.py::TestTE12Windows::test_window_progress
tests/unit/test_e12_temporal.py::TestTE12Windows::test_8_8_dst_boundary_stability[2024-03-08T12:45:00Z]
tests/unit/test_e12_temporal.py::TestTE12Windows::test_8_8_dst_boundary_stability[2024-03-09T12:45:00Z]
tests/unit/test_e12_temporal.py::TestTE12Windows::test_8_8_dst_boundary_stability[2024-03-10T12:45:00Z]
tests/unit/test_e12_temporal.py::TestTE12Windows::test_8_8_dst_boundary_stability[2024-03-11T12:45:00Z]
tests/unit/test_e12_temporal.py::TestTE12Windows::test_8_8_dst_boundary_stability[2024-03-12T12:45:00Z]
tests/unit/test_e12_temporal.py::TestTE12Windows::test_naive_datetime_adopted_as_utc
tests/unit/test_e12_temporal.py::TestTE12Windows::test_non_utc_tz_rejected
tests/unit/test_e12_temporal.py::TestTE12Windows::test_hour_float_precision
tests/unit/test_e12_temporal.py::TestDayTypeAndRollover::test_day_type_precedence[2024-03-13T12:00:00Z-WEEKDAY]
tests/unit/test_e12_temporal.py::TestDayTypeAndRollover::test_day_type_precedence[2024-03-15T12:00:00Z-FRIDAY]
tests/unit/test_e12_temporal.py::TestDayTypeAndRollover::test_day_type_precedence[2024-03-16T12:00:00Z-SATURDAY_SUNDAY_CONTEXT]
tests/unit/test_e12_temporal.py::TestDayTypeAndRollover::test_day_type_precedence[2024-03-17T12:00:00Z-SATURDAY_SUNDAY_CONTEXT]
tests/unit/test_e12_temporal.py::TestDayTypeAndRollover::test_day_type_precedence[2024-04-10T12:00:00Z-HIGH_IMPACT]
tests/unit/test_e12_temporal.py::TestDayTypeAndRollover::test_high_impact_beats_friday_and_weekend
tests/unit/test_e12_temporal.py::TestDayTypeAndRollover::test_calendar_accepts_dates_and_iso_strings
tests/unit/test_e12_temporal.py::TestDayTypeAndRollover::test_rollover_default_config_never_active
tests/unit/test_e12_temporal.py::TestDayTypeAndRollover::test_rollover_injected_config
tests/unit/test_e12_temporal.py::TestDayTypeAndRollover::test_rollover_is_not_a_day_type
tests/unit/test_e12_temporal.py::TestFFF::test_squared_estimator_and_renormalization
tests/unit/test_e12_temporal.py::TestFFF::test_clamp_0_1_to_10
tests/unit/test_e12_temporal.py::TestFFF::test_small_sample_returns_ones
tests/unit/test_e12_temporal.py::TestFFF::test_abs_estimator_forbidden
tests/unit/test_e12_temporal.py::TestFFF::test_pit_edge_unavailable
tests/unit/test_e12_temporal.py::TestFFF::test_deseasonalize
tests/unit/test_e12_temporal.py::TestFFF::test_fourier_smoothing_recovers_harmonic
tests/unit/test_e12_temporal.py::TestFFF::test_fourier_underdetermined_fails_closed
tests/unit/test_e12_temporal.py::TestFFF::test_winsorize_5pct
tests/unit/test_e12_temporal.py::TestFFF::test_returns_by_tod_from_candles
tests/unit/test_e12_temporal.py::TestStatistics::test_conditional_rate_case_study
tests/unit/test_e12_temporal.py::TestStatistics::test_conditional_rate_insufficient_sample
tests/unit/test_e12_temporal.py::TestStatistics::test_conditional_rate_length_mismatch
tests/unit/test_e12_temporal.py::TestStatistics::test_wilson_ci_edges
tests/unit/test_e12_temporal.py::TestStatistics::test_kruskal_significant_and_null
tests/unit/test_e12_temporal.py::TestStatistics::test_kruskal_tie_correction
tests/unit/test_e12_temporal.py::TestStatistics::test_kruskal_fail_closed
tests/unit/test_e12_temporal.py::TestStatistics::test_test_temporal_window_difference_wrapper
tests/unit/test_e12_temporal.py::TestStatistics::test_chi2_sf_known_values
tests/unit/test_e12_temporal.py::TestStatistics::test_spearman
tests/unit/test_e12_temporal.py::TestStatistics::test_spearman_ties_and_failures
tests/unit/test_e12_temporal.py::TestStatistics::test_profile_stability
tests/unit/test_e12_temporal.py::TestStatistics::test_intraday_momentum_beta
tests/unit/test_e12_temporal.py::TestStatistics::test_vol_ratio_and_y_events
tests/unit/test_e12_temporal.py::TestStatistics::test_range_z
tests/unit/test_e12_temporal.py::TestStateMachineAndEvents::test_event_catalog_complete
tests/unit/test_e12_temporal.py::TestStateMachineAndEvents::test_journal_transitions
tests/unit/test_e12_temporal.py::TestStateMachineAndEvents::test_calendar_unavailable_event
tests/unit/test_e12_temporal.py::TestStateMachineAndEvents::test_invalid_candle_event_and_stream_continues
tests/unit/test_e12_temporal.py::TestStateMachineAndEvents::test_profile_and_levels_events
tests/unit/test_e12_temporal.py::TestStateMachineAndEvents::test_profile_inputs_built_inside_run_engine
tests/unit/test_e12_temporal.py::TestStateMachineAndEvents::test_fate_superseded_and_active
tests/unit/test_e12_temporal.py::TestStateMachineAndEvents::test_duplicate_candle_idempotent
tests/unit/test_e12_temporal.py::TestStateMachineAndEvents::test_8_2_deterministic_replay_1000
tests/unit/test_e12_temporal.py::TestStateMachineAndEvents::test_8_3_no_future_leak
tests/unit/test_e12_temporal.py::TestStateMachineAndEvents::test_buffer_cap
tests/unit/test_e12_temporal.py::TestQualityLadder::test_qx_missing_availability_time
tests/unit/test_e12_temporal.py::TestQualityLadder::test_q0_paths
tests/unit/test_e12_temporal.py::TestQualityLadder::test_q1_default_and_v_zero
tests/unit/test_e12_temporal.py::TestQualityLadder::test_ladder_q2_q3_q4
tests/unit/test_e12_temporal.py::TestQualityLadder::test_unavailable_profile_is_q1
tests/unit/test_e12_temporal.py::TestQualityLadder::test_v_zero_forces_q1_over_profile
tests/unit/test_e12_temporal.py::TestQualityLadder::test_historical_behavior_absent_then_present
tests/unit/test_e12_temporal.py::TestQualityLadder::test_profile_contract_mismatch_rejected
tests/unit/test_e12_temporal.py::TestTemporalProfile::test_profile_shape_and_identity
tests/unit/test_e12_temporal.py::TestTemporalProfile::test_momentum_betas_by_window
tests/unit/test_e12_temporal.py::TestTemporalProfile::test_thin_conditional_rates_marked
tests/unit/test_e12_temporal.py::TestParams::test_defaults_match_chapter_6
tests/unit/test_e12_temporal.py::TestParams::test_unknown_param_rejected
tests/unit/test_e12_temporal.py::TestParams::test_range_violations_rejected[behavior_window-10]
tests/unit/test_e12_temporal.py::TestParams::test_range_violations_rejected[behavior_window-400]
tests/unit/test_e12_temporal.py::TestParams::test_range_violations_rejected[fff_bins-10]
tests/unit/test_e12_temporal.py::TestParams::test_range_violations_rejected[fff_bins-200]
tests/unit/test_e12_temporal.py::TestParams::test_range_violations_rejected[fff_fourier_K--1]
tests/unit/test_e12_temporal.py::TestParams::test_range_violations_rejected[fff_fourier_K-9]
tests/unit/test_e12_temporal.py::TestParams::test_range_violations_rejected[daytype_min_samples-5]
tests/unit/test_e12_temporal.py::TestParams::test_range_violations_rejected[daytype_min_samples-200]
tests/unit/test_e12_temporal.py::TestParams::test_range_violations_rejected[vol_burst_threshold-1.0]
tests/unit/test_e12_temporal.py::TestParams::test_range_violations_rejected[vol_burst_threshold-5.0]
tests/unit/test_e12_temporal.py::TestParams::test_range_violations_rejected[range_z_threshold-0.5]
tests/unit/test_e12_temporal.py::TestParams::test_range_violations_rejected[range_z_threshold-3.0]
tests/unit/test_e12_temporal.py::TestParams::test_range_violations_rejected[intraday_horizon-0]
tests/unit/test_e12_temporal.py::TestParams::test_range_violations_rejected[intraday_horizon-24]
tests/unit/test_e12_temporal.py::TestParams::test_registry_violation_rejected
tests/unit/test_e12_temporal.py::TestParams::test_empty_calendar_version_rejected
tests/unit/test_e12_temporal.py::TestParams::test_param_hash_deterministic
tests/unit/test_e12_temporal.py::TestParams::test_get_params_passthrough
tests/unit/test_e12_temporal.py::TestParams::test_behavior_window_range_enforced_by_stream
tests/unit/test_e12_temporal.py::TestSchemaAndSerialization::test_conforming_state_has_no_violations
tests/unit/test_e12_temporal.py::TestSchemaAndSerialization::test_violations_detected[<lambda>-missing required key: version]
tests/unit/test_e12_temporal.py::TestSchemaAndSerialization::test_violations_detected[<lambda>-missing required key: tod_state]
tests/unit/test_e12_temporal.py::TestSchemaAndSerialization::test_violations_detected[<lambda>-temporal_window not in registry]
tests/unit/test_e12_temporal.py::TestSchemaAndSerialization::test_violations_detected[<lambda>-window_phase invalid]
tests/unit/test_e12_temporal.py::TestSchemaAndSerialization::test_violations_detected[<lambda>-day_type invalid]
tests/unit/test_e12_temporal.py::TestSchemaAndSerialization::test_violations_detected[<lambda>-quality invalid]
tests/unit/test_e12_temporal.py::TestSchemaAndSerialization::test_violations_detected[<lambda>-snapshot_id must be 64-hex]
tests/unit/test_e12_temporal.py::TestSchemaAndSerialization::test_violations_detected[<lambda>-as_of must be a positive]
tests/unit/test_e12_temporal.py::TestSchemaAndSerialization::test_violations_detected[<lambda>-fate invalid]
tests/unit/test_e12_temporal.py::TestSchemaAndSerialization::test_violations_detected[<lambda>-is_overlap must be boolean]
tests/unit/test_e12_temporal.py::TestSchemaAndSerialization::test_tod_state_violations
tests/unit/test_e12_temporal.py::TestSchemaAndSerialization::test_serialize_state_rounding
tests/unit/test_e12_temporal.py::TestSchemaAndSerialization::test_v3_adapter_migration
tests/unit/test_e12_temporal.py::TestSchemaAndSerialization::test_v3_adapter_fail_closed[payload0-V3_WINDOW_UNKNOWN_QX]
tests/unit/test_e12_temporal.py::TestSchemaAndSerialization::test_v3_adapter_fail_closed[payload1-V3_DAYTYPE_UNKNOWN_QX]
tests/unit/test_e12_temporal.py::TestSchemaAndSerialization::test_v3_adapter_fail_closed[payload2-V3_SNAPSHOT_ID_INVALID_QX]
tests/unit/test_e12_temporal.py::TestSchemaAndSerialization::test_v3_adapter_fail_closed[payload3-V3_REQUIRED_FIELD_MISSING_QX]
tests/unit/test_e12_temporal.py::TestSchemaAndSerialization::test_v3_adapter_fail_closed[payload4-V3_FIELD_RANGE_QX]
tests/unit/test_e12_temporal.py::TestSchemaAndSerialization::test_v3_adapter_fail_closed[not-a-dict-V3_PAYLOAD_NOT_OBJECT_QX]
tests/unit/test_e12_temporal.py::TestE07Integration::test_provider_contract_shape
tests/unit/test_e12_temporal.py::TestE07Integration::test_provider_which_list_by_hour
tests/unit/test_e12_temporal.py::TestE07Integration::test_resolved_mode_authoritative
tests/unit/test_e12_temporal.py::TestE07Integration::test_degraded_mode_without_provider
tests/unit/test_e12_temporal.py::TestE07Integration::test_raising_provider_falls_back_degraded
tests/unit/test_e12_temporal.py::TestE07Integration::test_both_modes_agree_across_boundary_hours
tests/unit/test_e12_temporal.py::TestE07Integration::test_provider_daytype_and_rollover_passthrough
tests/unit/test_e12_temporal.py::TestE07Integration::test_provider_rejects_non_utc_ms
tests/unit/test_e12_temporal.py::TestEngineBaseBinding::test_compute_emits_context_events
tests/unit/test_e12_temporal.py::TestEngineBaseBinding::test_compute_overlap_event_condition
tests/unit/test_e12_temporal.py::TestEngineBaseBinding::test_compute_qx_refusal_emits_nothing
tests/unit/test_e12_temporal.py::TestEngineBaseBinding::test_missing_window_context_fails_closed
tests/unit/test_e12_temporal.py::TestEngineBaseBinding::test_empty_candles_emits_nothing
tests/unit/test_e12_temporal.py::TestEngineBaseBinding::test_window_fallback_via_observations
tests/unit/test_e12_temporal.py::TestEngineBaseBinding::test_provider_fallback_sync
tests/unit/test_e12_temporal.py::TestEngineBaseBinding::test_profile_context_lifts_validity
tests/unit/test_e12_temporal.py::TestEngineBaseBinding::test_ts_from_ms_and_identity_helpers
tests/unit/test_engine_context.py::test_classifier_loader_and_real_bridge_tensor_validation
tests/unit/test_engine_context.py::test_artifact_invalid_fails_closed[W]
tests/unit/test_engine_context.py::test_artifact_invalid_fails_closed[b]
tests/unit/test_engine_context.py::test_artifact_invalid_fails_closed[K]
tests/unit/test_engine_context.py::test_artifact_invalid_fails_closed[hash]
tests/unit/test_engine_context.py::test_artifact_invalid_fails_closed[seed]
tests/unit/test_engine_context.py::test_artifact_invalid_fails_closed[NaN]
tests/unit/test_engine_context.py::test_artifact_invalid_fails_closed[delay]
tests/unit/test_engine_context.py::test_artifact_invalid_fails_closed[window]
tests/unit/test_engine_context.py::test_artifact_missing_is_lazy_and_has_no_fixture_fallback
tests/unit/test_engine_context.py::test_freshness_exact_boundary_without_availability_rewrite[-1-True]
tests/unit/test_engine_context.py::test_freshness_exact_boundary_without_availability_rewrite[0-True]
tests/unit/test_engine_context.py::test_freshness_exact_boundary_without_availability_rewrite[30-True]
tests/unit/test_engine_context.py::test_freshness_exact_boundary_without_availability_rewrite[30.001-False]
tests/unit/test_engine_context.py::test_empty_window_is_explicit_not_a_truthiness_fallback
tests/unit/test_engine_context.py::test_paper_yaml_has_only_p7_keys
tests/unit/test_engine_context.py::test_paper_ledger_balance_excludes_live_outcomes
tests/unit/test_engine_context.py::test_live_report_never_displays_injected_paper_balance
tests/unit/test_engine_context.py::test_d21_tail_and_confirmation_boundaries
tests/unit/test_engine_context.py::test_d21_rule_has_no_entropy_dependency
tests/unit/test_engine_context.py::test_catch_up_quality_publish_failure_is_named
tests/unit/test_engine_context.py::test_catch_up_frontier_boundary_and_failure_retry
tests/unit/test_engine_context.py::test_catch_up_calendar_boundaries[1h-2026-01-01T01:00:00.000Z-2026-01-01T01:00:00.000Z]
tests/unit/test_engine_context.py::test_catch_up_calendar_boundaries[1w-2026-09-17T10:00:00.000Z-2026-09-14T00:00:00.000Z]
tests/unit/test_engine_context.py::test_catch_up_calendar_boundaries[1mo-2026-03-01T00:00:00.000Z-2026-03-01T00:00:00.000Z]
tests/unit/test_engine_context.py::test_catch_up_calendar_boundaries[1mo-2026-02-28T23:59:59.999Z-2026-02-01T00:00:00.000Z]
tests/unit/test_engine_context.py::test_catch_up_failure_with_fresh_data_blocks_plan_only
tests/unit/test_engine_context.py::test_first_catch_up_checks_all_140_cells_then_only_due_timeframe
tests/unit/test_engine_context.py::test_catch_up_ingest_failure_resets_served_frontier
tests/unit/test_engine_context.py::test_d23_formula_marker_and_only_q5_cap[MISSING]
tests/unit/test_engine_context.py::test_d23_formula_marker_and_only_q5_cap[STALE]
tests/unit/test_engine_context.py::test_d23_formula_marker_and_only_q5_cap[INVALID]
tests/unit/test_engine_context.py::test_d23_formula_marker_and_only_q5_cap[DEGRADED]
tests/unit/test_engine_context.py::test_d23_formula_marker_and_only_q5_cap[AVAILABLE]
tests/unit/test_engine_context.py::test_artifact_identity_reaches_canonical_e11_snapshot
tests/unit/test_engine_context.py::test_d25_all_cells_strictest_anchor_and_cap
tests/unit/test_engine_context.py::test_d25_missing_or_invalid_policy_fails_closed[missing]
tests/unit/test_engine_context.py::test_d25_missing_or_invalid_policy_fails_closed[tf]
tests/unit/test_engine_context.py::test_d25_missing_or_invalid_policy_fails_closed[cap]
tests/unit/test_engine_context.py::test_d25_missing_or_invalid_policy_fails_closed[c_min]
tests/unit/test_engine_context.py::test_d25_missing_or_invalid_policy_fails_closed[extra]
tests/unit/test_engine_context.py::test_closed_projection_preserves_raw_availability_and_rebases_sequence
tests/unit/test_engine_context.py::test_d26a_atr14_known_series_uses_method_b_reference_and_explicit_epsilon
tests/unit/test_engine_context.py::test_d26a_short_or_degenerate_history_uses_existing_failure[prior0]
tests/unit/test_engine_context.py::test_d26a_short_or_degenerate_history_uses_existing_failure[prior1]
tests/unit/test_engine_context.py::test_d26a_short_or_degenerate_history_uses_existing_failure[prior2]
tests/unit/test_engine_context.py::test_d26a_short_or_degenerate_history_uses_existing_failure[prior3]
tests/unit/test_engine_context.py::test_d26a_window_cap_reuses_existing_e11_constant_and_shared_helper
tests/unit/test_engine_context.py::test_d26a_refactor_preserves_existing_method_b_sigmoid_values
tests/unit/test_engine_context.py::test_e03_aligned_availability_arrays_and_misalignment
tests/unit/test_engine_context.py::test_complete_evidence_public_store_roundtrip_idempotence_and_collision
tests/unit/test_engine_context.py::test_complete_evidence_hash_and_schema_reject_corruption
tests/unit/test_engine_context.py::test_train_cli_empty_store_refuses_first_required_class_without_artifact_write
tests/unit/test_engine_context.py::test_fitter_writer_two_process_determinism_not_a_store_training_claim
tests/unit/test_engine_context.py::test_actual_first_seven_engines_use_d26_projections_and_refuse_short_history
tests/unit/test_engine_context.py::test_producer_window_uses_public_store_and_derived_closed_boundary
tests/unit/test_engine_context.py::test_d26a_shared_timeline_advances_prior_same_cell_history_after_projection
tests/unit/test_engine_context.py::test_d27_probability_complement_is_accepted_by_unchanged_combiner
tests/unit/test_engine_context.py::test_d27_invalid_probabilities_do_not_become_permission[None]
tests/unit/test_engine_context.py::test_d27_invalid_probabilities_do_not_become_permission[probs1]
tests/unit/test_engine_context.py::test_d27_invalid_probabilities_do_not_become_permission[probs2]
tests/unit/test_engine_context.py::test_d27_invalid_probabilities_do_not_become_permission[probs3]
tests/unit/test_engine_context.py::test_d27_invalid_probabilities_do_not_become_permission[probs4]
tests/unit/test_engine_context.py::test_d28_package_hash_covers_canonical_governed_values_and_optional_classifier
tests/unit/test_engine_context.py::test_d28_package_id_reproducible_in_two_processes
tests/unit/test_engine_context.py::test_d28_missing_governed_file_refuses_and_live_reads_nothing
tests/unit/test_engine_context.py::test_d28_live_policy_ignores_even_invalid_bootstrap_section
tests/unit/test_engine_context.py::test_d28_existing_family_status_is_never_overwritten[ACCUMULATING]
tests/unit/test_engine_context.py::test_d28_existing_family_status_is_never_overwritten[PROMOTED]
tests/unit/test_engine_context.py::test_d28_existing_family_status_is_never_overwritten[DEGRADING]
tests/unit/test_engine_context.py::test_d28_existing_family_status_is_never_overwritten[DEMOTED]
tests/unit/test_engine_context.py::test_d28_absence_is_not_invalid_record
tests/unit/test_engine_context.py::test_d28_family_snapshot_pit_read_does_not_create_or_overwrite_records
tests/unit/test_engine_context.py::test_d28_public_facts_real_client_no_keys_and_pit_roundtrip
tests/unit/test_engine_context.py::test_d28_missing_public_fact_is_named_and_never_uses_a_fee_default[commissionRate-COMMISSION_RATE]
tests/unit/test_engine_context.py::test_d28_missing_public_fact_is_named_and_never_uses_a_fee_default[contractMultiplier-CONTRACT_MULTIPLIER]
tests/unit/test_engine_context.py::test_d28_missing_public_fact_is_named_and_never_uses_a_fee_default[contractType-CONTRACT_TYPE]
tests/unit/test_engine_context.py::test_d28_missing_public_fact_is_named_and_never_uses_a_fee_default[funding-FUNDING_RATE]
tests/unit/test_engine_context.py::test_d28_expiring_contract_requires_explicit_expiry_and_perpetual_cannot_conflict
tests/unit/test_engine_context.py::test_d28_failed_refresh_does_not_resurrect_old_facts_or_poison_other_symbol
tests/unit/test_engine_context.py::test_d29_paper_proxy_requested_examples_and_real_veto[0-OK]
tests/unit/test_engine_context.py::test_d29_paper_proxy_requested_examples_and_real_veto[5000-WARNING]
tests/unit/test_engine_context.py::test_d29_paper_proxy_requested_examples_and_real_veto[6500-ACTION]
tests/unit/test_engine_context.py::test_d29_paper_proxy_requested_examples_and_real_veto[8100-LIQUIDATION_APPROACH]
tests/unit/test_engine_context.py::test_d29_strict_boundaries_do_not_change_live[0.6-OK-WARNING]
tests/unit/test_engine_context.py::test_d29_strict_boundaries_do_not_change_live[0.4-WARNING-ACTION]
tests/unit/test_engine_context.py::test_d29_strict_boundaries_do_not_change_live[0.2-ACTION-LIQUIDATION_APPROACH]
tests/unit/test_engine_context.py::test_d29_invalid_capital_refuses[0]
tests/unit/test_engine_context.py::test_d29_invalid_capital_refuses[-1]
tests/unit/test_engine_context.py::test_d29_invalid_capital_refuses[None]
tests/unit/test_engine_context.py::test_d29_invalid_capital_refuses[NaN]
tests/unit/test_engine_context.py::test_d29_invalid_capital_refuses[Infinity]
tests/unit/test_engine_context.py::test_d29_pending_partial_reduce_only_cancelled_and_missing_facts
tests/unit/test_engine_context.py::test_d29_real_ledger_partial_order_pnl_environment_isolation_and_cancel
tests/unit/test_engine_context.py::test_d26b_live_density_max_age_and_five_prerequisite_sweeps
tests/unit/test_engine_context.py::test_d26b_classifier_normalizes_projected_raw_not_density
tests/unit/test_engine_context.py::test_raw_availability_and_oi_lineage_survive_public_store_projection
tests/unit/test_engine_context.py::test_label_horizon_requires_contiguous_calendar_closes
tests/unit/test_engine_context.py::test_future_confirmation_survives_unavailable_e11_features
tests/unit/test_engine_context.py::test_native_e04_stream_matches_full_prefix_batch_without_future_inputs
tests/unit/test_engine_context.py::test_e01_local_atr_memoization_preserves_complete_native_pipeline
tests/unit/test_engine_context.py::test_d30_default_scope_and_progress_are_exactly_twenty_base_cells
tests/unit/test_engine_context.py::test_d30_hard_cli_deadline_never_writes_artifact[False]
tests/unit/test_engine_context.py::test_d30_hard_cli_deadline_never_writes_artifact[True]
tests/unit/test_engine_context.py::test_d30_scope_rejects_nonbase_or_ambiguous_selection[8h-BTCUSDT]
tests/unit/test_engine_context.py::test_d30_scope_rejects_nonbase_or_ambiguous_selection[1h,1h-BTCUSDT]
tests/unit/test_engine_context.py::test_d30_scope_rejects_nonbase_or_ambiguous_selection[-BTCUSDT]
tests/unit/test_engine_context.py::test_d30_scope_rejects_nonbase_or_ambiguous_selection[1h-UNKNOWN]
tests/unit/test_engine_context.py::test_d30_subset_is_canonical_and_excludes_other_training_cells
tests/unit/test_engine_context.py::test_d23_vocabulary_table_stays_contiguous_with_note_below
tests/unit/test_engine_context.py::test_g2_actual_store_training_in_two_processes_is_byte_identical
tests/unit/test_engine_context.py::test_e01_atr_prefix_cache_uses_absolute_boundary_without_changing_failures
tests/unit/test_engine_context.py::test_native_twelve_engine_bundle_persists_full_evidence
tests/unit/test_engine_context.py::test_native_bundle_never_uses_e07_default_quality_or_alignment[context0]
tests/unit/test_engine_context.py::test_native_bundle_never_uses_e07_default_quality_or_alignment[context1]
tests/unit/test_engine_context.py::test_native_bundle_never_uses_e07_default_quality_or_alignment[context2]
tests/unit/test_engine_context.py::test_native_bundle_never_uses_e07_default_quality_or_alignment[context3]
tests/unit/test_engine_context.py::test_native_bundle_never_uses_e07_default_quality_or_alignment[context4]
tests/unit/test_engine_context.py::test_d31_terminal_e05_qx_public_insert_full_roundtrip
tests/unit/test_engine_context.py::test_d31_public_insert_still_rejects_invalid_resolution_tags[Q6]
tests/unit/test_engine_context.py::test_d31_public_insert_still_rejects_invalid_resolution_tags[QX_EXPIRED]
tests/unit/test_engine_context.py::test_d31_public_insert_still_rejects_invalid_resolution_tags[]
tests/unit/test_engine_context.py::test_d31_public_insert_still_rejects_invalid_resolution_tags[None]
tests/unit/test_engine_context.py::test_d32_native_hv_midrank[values0-2.0-0.75]
tests/unit/test_engine_context.py::test_d32_native_hv_midrank[values1-3.0-0.5]
tests/unit/test_engine_context.py::test_d32_native_hv_midrank[values2-2.0-1.0]
tests/unit/test_engine_context.py::test_d32_native_hv_midrank[values3-2.0-0.0]
tests/unit/test_engine_context.py::test_d32_49_refuses_50_passes_and_nonfinite_refuses
tests/unit/test_engine_context.py::test_d32_native_window_cap_and_strict_pit
tests/unit/test_engine_context.py::test_d33_gate10_native_normalized_half_before_after
tests/unit/test_engine_context.py::test_d33_gate10_normalized_boundaries[0.5-True]
tests/unit/test_engine_context.py::test_d33_gate10_normalized_boundaries[0.49-False]
tests/unit/test_engine_context.py::test_d33_gate10_normalized_boundaries[0.0-False]
tests/unit/test_engine_context.py::test_d33_gate10_normalized_boundaries[1.0-True]
tests/unit/test_engine_context.py::test_d33_gate10_normalized_boundaries[nan-False]
tests/unit/test_engine_context.py::test_d33_gate10_normalized_boundaries[inf-False]
tests/unit/test_engine_context.py::test_d33_gate10_categorical_and_live_bootstrap
tests/unit/test_engine_context.py::test_d34_versioned_bootstrap_uncertainty_is_same_e11_snapshot
tests/unit/test_engine_context.py::test_d33_quality_uses_native_window_not_current_bar
tests/unit/test_engine_context.py::test_d33_mtf_native_directions[0.5-ALIGNED-1.0]
tests/unit/test_engine_context.py::test_d33_mtf_native_directions[0.0-PARTIALLY_ALIGNED-0.6]
tests/unit/test_engine_context.py::test_d33_mtf_native_directions[-0.5-CONFLICTING-0.0]
tests/unit/test_engine_context.py::test_d33_mtf_missing_stale_future_scope_refuse[closed-False]
tests/unit/test_engine_context.py::test_d33_mtf_missing_stale_future_scope_refuse[as_of-101]
tests/unit/test_engine_context.py::test_d33_mtf_missing_stale_future_scope_refuse[freshness_ok-False]
tests/unit/test_engine_context.py::test_d33_mtf_missing_stale_future_scope_refuse[bias-None]
tests/unit/test_engine_context.py::test_d33_mtf_missing_stale_future_scope_refuse[symbol-ETHUSDT]
tests/unit/test_engine_context.py::test_d33_mtf_top_vacuity_and_missing_required
tests/unit/test_engine_context.py::test_d33_component_quality_opposition_absence_and_features
tests/unit/test_engine_context.py::test_d33_e07_actual_contributor_mean_not_default
tests/unit/test_engine_context.py::test_d33_pattern_hybrid_ranking_opposition_and_invalidation
tests/unit/test_engine_context.py::test_d33_temporal_validity_categories[VALID-1.0]
tests/unit/test_engine_context.py::test_d33_temporal_validity_categories[DEGRADED-0.0]
tests/unit/test_engine_context.py::test_d33_temporal_validity_categories[INVALID-0.0]
tests/unit/test_engine_context.py::test_d33_temporal_missing_not_core_flag[None]
tests/unit/test_engine_context.py::test_d33_temporal_missing_not_core_flag[Q3]
tests/unit/test_engine_context.py::test_d33_temporal_missing_not_core_flag[CORE]
tests/unit/test_engine_context.py::test_d33_temporal_missing_not_core_flag[UNKNOWN]
tests/unit/test_engine_context.py::test_d34_size_request_native_attention_multiplier_and_no_permission
tests/unit/test_engine_context.py::test_d34_shared_paper_close_marks_and_stale_future_refusal
tests/unit/test_engine_context.py::test_d34_uncertainty_trend_strict_entropy_or_native_conflict_rank
tests/unit/test_engine_context.py::test_d34_adv_complete_utc_days_units_and_pit
tests/unit/test_engine_context.py::test_d34_cost_actual_fee_schedule_side_units_and_floor
tests/unit/test_engine_context.py::test_d34_public_funding_schedule_real_client_fake_responder
tests/unit/test_engine_context.py::test_d34_net_losses_current_capital_streak_and_persistent_breach
tests/unit/test_engine_context.py::test_d34_losses_utc_week_reset_requires_review_pit_and_integrity
tests/unit/test_engine_context.py::test_closeout_phone_fallback_does_not_change_training_defaults
tests/unit/test_engine_context.py::test_d35_bar_cap_validation
tests/unit/test_engine_context.py::test_d35_protocol_hash_separates_namespaces
tests/unit/test_engine_context.py::test_d35_cache_roundtrip_and_invalidation
tests/unit/test_engine_context.py::test_d35_small_store_cache_resume_reproduces_samples
tests/unit/test_engine_context.py::test_d35_bar_cap_caps_window_and_namespace
tests/unit/test_engine_context.py::test_d35_liveness_tick_every_250_bars
tests/unit/test_engine_context.py::test_d35_slice_training_window_equals_live_window
tests/unit/test_engine_context.py::test_d35_optimized_matches_unoptimized_reference_bytes
tests/unit/test_engine_context.py::test_d35_timeout_keeps_completed_cells_and_resumes
tests/unit/test_engine_context.py::test_d35_warm_cache_resume_is_byte_identical
tests/unit/test_engine_context.py::test_d35_cli_profile_lines_on_empty_store
tests/unit/test_engine_context.py::test_d35_cli_timeout_zero_reports_cells_and_writes_nothing
tests/unit/test_engine_context.py::test_d35_cli_bar_cap_records_window_and_rejects_invalid
tests/unit/test_engine_context.py::test_d35e_p0_threaded_frame_matches_fresh_frame
tests/unit/test_engine_context.py::test_d35e_p0_e01_conversion_runs_once_per_own_bar
tests/unit/test_engine_context.py::test_d35e_p4_bisect_slice_matches_linear_scan
tests/unit/test_engine_context.py::test_d35e_p4_drain_appends_chronological_evidence
tests/unit/test_engine_context.py::test_d35_cli_profile_lines_on_small_store
tests/unit/test_engine_context.py::test_d36_nine_class_fit_bit_identical_to_main_golden
tests/unit/test_engine_context.py::test_d36_nine_minus_transition_fits_nine_by_eight_finite
tests/unit/test_engine_context.py::test_d36_single_missing_required_class_refuses[CRISIS]
tests/unit/test_engine_context.py::test_d36_single_missing_required_class_refuses[EXPANSION]
tests/unit/test_engine_context.py::test_d36_single_missing_required_class_refuses[TREND_EXPANSION]
tests/unit/test_engine_context.py::test_d36_single_missing_required_class_refuses[TREND_CONTRACTION]
tests/unit/test_engine_context.py::test_d36_single_missing_required_class_refuses[TREND]
tests/unit/test_engine_context.py::test_d36_single_missing_required_class_refuses[COMPRESSION]
tests/unit/test_engine_context.py::test_d36_single_missing_required_class_refuses[CHOP]
tests/unit/test_engine_context.py::test_d36_single_missing_required_class_refuses[RANGE]
tests/unit/test_engine_context.py::test_d36_train_classifier_zero_transition_fits_and_validates
tests/unit/test_engine_context.py::test_d36_train_classifier_missing_other_class_refuses_named
tests/unit/test_engine_context.py::test_d36_training_validation_shares_verdicts_and_native_entropy
tests/unit/test_engine_context.py::test_d36_cache_hashes_equal_main_constants_reuse_phone_namespaces
tests/unit/test_engine_context.py::test_d36_cli_trained_prints_train_validation_and_writes_report
tests/unit/test_engine_context.py::test_d46_paper_bootstrap_p_min_resolves_the_1h_p_check
tests/unit/test_engine_context.py::test_d46_live_never_reads_bootstrap_p_min
tests/unit/test_engine_context.py::test_d46_invalid_or_missing_bootstrap_p_min_fails_closed[missing]
tests/unit/test_engine_context.py::test_d46_invalid_or_missing_bootstrap_p_min_fails_closed[high]
tests/unit/test_engine_context.py::test_d46_invalid_or_missing_bootstrap_p_min_fails_closed[low]
tests/unit/test_engine_context.py::test_d46_invalid_or_missing_bootstrap_p_min_fails_closed[text]
tests/unit/test_engine_context.py::test_d46_invalid_or_missing_bootstrap_p_min_fails_closed[boolean]
tests/unit/test_engine_context.py::test_d46_invalid_or_missing_bootstrap_p_min_fails_closed[none]
tests/unit/test_engine_context.py::test_d46_p_min_source_is_an_allowlisted_context_provenance_key
tests/unit/test_engine_context.py::test_cp143_training_validation_extended_fields_on_hand_built_w_b
tests/unit/test_engine_context.py::test_cp143_fit_study_p0_is_bit_identical_to_the_runtime_fitter
tests/unit/test_engine_context.py::test_cp143_fit_study_grid_names_and_metrics
tests/unit/test_engine_context.py::test_cp143_fit_study_cache_only_loader_and_refusal
tests/unit/test_engine_context.py::test_cp143_cli_fit_study_writes_report_no_artifact_and_refuses
tests/unit/test_engine_context.py::test_cp144_load_e11_training_protocol_strict
tests/unit/test_engine_context.py::test_cp144_classifier_hash_covers_fit_protocol_and_legacy_refuses
tests/unit/test_engine_context.py::test_cp144_fit_multinomial_protocol_bit_identical_and_p2_identity
tests/unit/test_engine_context.py::test_cp144_fit_multinomial_class_weights_and_l2
tests/unit/test_engine_context.py::test_cp144_training_validation_d47_verdict_and_governed_theta
tests/unit/test_engine_context.py::test_cp144_fit_study_fold_back_exactness_random
tests/unit/test_engine_context.py::test_cp144_cache_compatibility_byte_identical
tests/unit/test_engine_context.py::test_cp144_catalog_events_uses_governed_theta_and_quality_params
tests/unit/test_engine_context.py::test_cp144_no_e11_theta_h_constant_in_decision_path
tests/unit/test_engine_context.py::test_cp144_training_query_and_cache_format_byte_identical
tests/unit/test_engine_context.py::test_cp145_theta_recommendation_is_the_d49_triple_mapping
tests/unit/test_engine_context.py::test_cp145_fit_multinomial_protocol_is_mandatory
tests/unit/test_engine_context.py::test_cp145_compute_resolves_engine_params_once_for_catalog_events
tests/unit/test_engine_context_store_sources.py::test_quality_store_native_readback_determinism_and_missing_not_healthy
tests/unit/test_engine_context_store_sources.py::test_quality_store_refuses_bad_provenance_or_native_veto[content]
tests/unit/test_engine_context_store_sources.py::test_quality_store_refuses_bad_provenance_or_native_veto[identity]
tests/unit/test_engine_context_store_sources.py::test_quality_store_refuses_bad_provenance_or_native_veto[receipt]
tests/unit/test_engine_context_store_sources.py::test_quality_store_refuses_bad_provenance_or_native_veto[source]
tests/unit/test_engine_context_store_sources.py::test_quality_store_refuses_bad_provenance_or_native_veto[flags]
tests/unit/test_engine_context_store_sources.py::test_quality_store_refuses_bad_provenance_or_native_veto[measurements]
tests/unit/test_engine_context_store_sources.py::test_quality_store_refuses_bad_provenance_or_native_veto[counts]
tests/unit/test_engine_context_store_sources.py::test_quality_store_refuses_bad_provenance_or_native_veto[delay]
tests/unit/test_engine_context_store_sources.py::test_quality_store_refuses_bad_provenance_or_native_veto[q_raw]
tests/unit/test_engine_context_store_sources.py::test_quality_store_refuses_bad_provenance_or_native_veto[native_veto]
tests/unit/test_engine_context_store_sources.py::test_quality_native_min_veto_cannot_be_hidden_by_healthy_latest
tests/unit/test_engine_context_store_sources.py::test_quality_store_excludes_raw_available_after_asof
tests/unit/test_engine_context_store_sources.py::test_mtf_source_actual_coarser_e09_and_quality_receipts
tests/unit/test_engine_context_store_sources.py::test_governed_holding_uses_sl12_known_bound_or_strictest[1m]
tests/unit/test_engine_context_store_sources.py::test_governed_holding_uses_sl12_known_bound_or_strictest[3m]
tests/unit/test_engine_context_store_sources.py::test_governed_holding_uses_sl12_known_bound_or_strictest[5m]
tests/unit/test_engine_context_store_sources.py::test_governed_holding_uses_sl12_known_bound_or_strictest[15m]
tests/unit/test_engine_context_store_sources.py::test_governed_holding_uses_sl12_known_bound_or_strictest[30m]
tests/unit/test_engine_context_store_sources.py::test_governed_holding_uses_sl12_known_bound_or_strictest[1h]
tests/unit/test_engine_context_store_sources.py::test_governed_holding_uses_sl12_known_bound_or_strictest[2h]
tests/unit/test_engine_context_store_sources.py::test_governed_holding_uses_sl12_known_bound_or_strictest[4h]
tests/unit/test_engine_context_store_sources.py::test_governed_holding_uses_sl12_known_bound_or_strictest[6h]
tests/unit/test_engine_context_store_sources.py::test_governed_holding_uses_sl12_known_bound_or_strictest[8h]
tests/unit/test_engine_context_store_sources.py::test_governed_holding_uses_sl12_known_bound_or_strictest[12h]
tests/unit/test_engine_context_store_sources.py::test_governed_holding_uses_sl12_known_bound_or_strictest[1d]
tests/unit/test_engine_context_store_sources.py::test_governed_holding_uses_sl12_known_bound_or_strictest[1w]
tests/unit/test_engine_context_store_sources.py::test_governed_holding_uses_sl12_known_bound_or_strictest[1mo]
tests/unit/test_engine_context_store_sources.py::test_native_bundle_without_injected_quality_or_mtf
tests/unit/test_engine_context_store_sources.py::test_ladder_source_reads_native_revision_pit_and_never_defaults
tests/unit/test_engine_context_store_sources.py::test_adv_store_reads_720_actual_bars_with_verified_units_and_pit
tests/unit/test_engine_context_store_sources.py::test_account_source_durable_pit_marks_pending_fills_and_losses
tests/unit/test_engine_context_store_sources.py::test_account_source_reachable_named_refusals[correction]
tests/unit/test_engine_context_store_sources.py::test_account_source_reachable_named_refusals[incomplete_outcome]
tests/unit/test_engine_context_store_sources.py::test_account_source_reachable_named_refusals[orphan_fill]
tests/unit/test_engine_context_store_sources.py::test_account_source_reachable_named_refusals[missing_plan_time]
tests/unit/test_engine_context_store_sources.py::test_account_source_reachable_named_refusals[forged_review]
tests/unit/test_engine_context_store_sources.py::test_native_frame_cache_ignores_only_unconsumed_query_lag
tests/unit/test_engine_context_store_sources.py::test_consumer_timestamp_memo_preserves_native_parser[2024-02-29T00:00:00.001Z]
tests/unit/test_engine_context_store_sources.py::test_consumer_timestamp_memo_preserves_native_parser[2026-12-31T23:59:59.999Z]
tests/unit/test_engine_context_store_sources.py::test_content_hash_memo_preserves_decimal_precision_and_native_fields
tests/unit/test_errors.py::test_error_registry_ch7_complete
tests/unit/test_errors.py::test_ch7_row_count
tests/unit/test_errors.py::test_registry_lookup_and_unknown
tests/unit/test_errors.py::test_ratchet_semantics_present
tests/unit/test_errors.py::test_q_oi_stale_weight_canonical
tests/unit/test_errors.py::test_wave_out_error_plumbing
tests/unit/test_errors.py::test_wave_out_list_frozen
tests/unit/test_errors.py::test_cp14_circuit_open_exact_handling
tests/unit/test_execution_fsm.py::TestCanonicalStates::test_sl6_canonical_list_is_exactly_nine_states
tests/unit/test_execution_fsm.py::TestCanonicalStates::test_the_runtime_vocabulary_adds_only_the_response_classes
tests/unit/test_execution_fsm.py::TestCanonicalStates::test_every_state_has_a_semantic_definition
tests/unit/test_execution_fsm.py::TestCanonicalStates::test_every_matrix_entry_is_inside_the_vocabulary
tests/unit/test_execution_fsm.py::TestCanonicalStates::test_required_transitions_exist[READY-SUBMIT_ORDER-SUBMITTING]
tests/unit/test_execution_fsm.py::TestCanonicalStates::test_required_transitions_exist[READY-VALIDATION_FAILED-REJECTED]
tests/unit/test_execution_fsm.py::TestCanonicalStates::test_required_transitions_exist[SUBMITTING-EXCHANGE_ACK-ACKNOWLEDGED]
tests/unit/test_execution_fsm.py::TestCanonicalStates::test_required_transitions_exist[SUBMITTING-PARTIAL_FILL-PARTIAL]
tests/unit/test_execution_fsm.py::TestCanonicalStates::test_required_transitions_exist[SUBMITTING-FULL_FILL-FILLED]
tests/unit/test_execution_fsm.py::TestCanonicalStates::test_required_transitions_exist[SUBMITTING-EXCHANGE_REJECT-REJECTED]
tests/unit/test_execution_fsm.py::TestCanonicalStates::test_required_transitions_exist[SUBMITTING-SUBMISSION_TIMEOUT-RECOVERY_REQUIRED]
tests/unit/test_execution_fsm.py::TestCanonicalStates::test_required_transitions_exist[SUBMITTING-UNKNOWN_OUTCOME-RECOVERY_REQUIRED]
tests/unit/test_execution_fsm.py::TestCanonicalStates::test_required_transitions_exist[ACKNOWLEDGED-FULL_FILL-FILLED]
tests/unit/test_execution_fsm.py::TestCanonicalStates::test_required_transitions_exist[ACKNOWLEDGED-FILL_TIMEOUT-RECOVERY_REQUIRED]
tests/unit/test_execution_fsm.py::TestCanonicalStates::test_required_transitions_exist[ACKNOWLEDGED-PROTECTION_PLACED-PROTECTED]
tests/unit/test_execution_fsm.py::TestCanonicalStates::test_required_transitions_exist[PARTIAL-FULL_FILL-FILLED]
tests/unit/test_execution_fsm.py::TestCanonicalStates::test_required_transitions_exist[FILLED-PROTECTION_PLACED-PROTECTED]
tests/unit/test_execution_fsm.py::TestCanonicalStates::test_required_transitions_exist[FILLED-PROTECTION_FAILED-RECOVERY_REQUIRED]
tests/unit/test_execution_fsm.py::TestCanonicalStates::test_required_transitions_exist[FILLED-POSITION_CLOSED-CLOSED]
tests/unit/test_execution_fsm.py::TestCanonicalStates::test_required_transitions_exist[PROTECTED-MANAGEMENT_ACTIVE-MANAGED]
tests/unit/test_execution_fsm.py::TestCanonicalStates::test_required_transitions_exist[PROTECTED-POSITION_CLOSED-CLOSED]
tests/unit/test_execution_fsm.py::TestCanonicalStates::test_required_transitions_exist[MANAGED-POSITION_CLOSED-CLOSED]
tests/unit/test_execution_fsm.py::TestCanonicalStates::test_required_transitions_exist[CLOSED-RECONCILE_MATCH-RECONCILED]
tests/unit/test_execution_fsm.py::TestCanonicalStates::test_required_transitions_exist[CLOSED-RECONCILE_DIVERGENCE-RECOVERY_REQUIRED]
tests/unit/test_execution_fsm.py::TestCanonicalStates::test_required_transitions_exist[RECOVERY_REQUIRED-RECONCILE_MATCH-RECONCILED]
tests/unit/test_execution_fsm.py::TestCanonicalStates::test_required_transitions_exist[ACKNOWLEDGED-CANCEL_CONFIRMED-CANCELLED]
tests/unit/test_execution_fsm.py::TestCanonicalStates::test_illegal_transitions_are_absent_from_the_matrix[FILLED-SUBMIT_ORDER]
tests/unit/test_execution_fsm.py::TestCanonicalStates::test_illegal_transitions_are_absent_from_the_matrix[RECONCILED-POSITION_CLOSED]
tests/unit/test_execution_fsm.py::TestCanonicalStates::test_illegal_transitions_are_absent_from_the_matrix[RECONCILED-SUBMIT_ORDER]
tests/unit/test_execution_fsm.py::TestCanonicalStates::test_illegal_transitions_are_absent_from_the_matrix[READY-FULL_FILL]
tests/unit/test_execution_fsm.py::TestCanonicalStates::test_illegal_transitions_are_absent_from_the_matrix[CLOSED-MANAGEMENT_ACTIVE]
tests/unit/test_execution_fsm.py::TestCanonicalStates::test_illegal_transitions_are_absent_from_the_matrix[REJECTED-SUBMIT_ORDER]
tests/unit/test_execution_fsm.py::TestCanonicalStates::test_illegal_transitions_are_absent_from_the_matrix[SUBMITTING-MANAGEMENT_ACTIVE]
tests/unit/test_execution_fsm.py::TestCanonicalStates::test_recovery_required_resolves_to_every_live_state
tests/unit/test_execution_fsm.py::TestCanonicalStates::test_legal_targets_and_triggers_views
tests/unit/test_execution_fsm.py::TestCh1DiagramAliases::test_chapter_1_diagram_names_map_to_the_canonical_list[ARMED-READY]
tests/unit/test_execution_fsm.py::TestCh1DiagramAliases::test_chapter_1_diagram_names_map_to_the_canonical_list[TRIGGERED-READY]
tests/unit/test_execution_fsm.py::TestCh1DiagramAliases::test_chapter_1_diagram_names_map_to_the_canonical_list[EXECUTING-SUBMITTING]
tests/unit/test_execution_fsm.py::TestCh1DiagramAliases::test_chapter_1_diagram_names_map_to_the_canonical_list[SETTLED-RECONCILED]
tests/unit/test_execution_fsm.py::TestCh1DiagramAliases::test_chapter_1_diagram_names_map_to_the_canonical_list[CANCEL_PENDING-SUBMITTING]
tests/unit/test_execution_fsm.py::TestCh1DiagramAliases::test_chapter_1_diagram_names_map_to_the_canonical_list[INVALIDATED-REJECTED]
tests/unit/test_execution_fsm.py::TestCh1DiagramAliases::test_chapter_1_diagram_names_map_to_the_canonical_list[UNKNOWN-RECOVERY_REQUIRED]
tests/unit/test_execution_fsm.py::TestCh1DiagramAliases::test_non_fsm_states_are_refused_not_invented[ARCHIVED]
tests/unit/test_execution_fsm.py::TestCh1DiagramAliases::test_non_fsm_states_are_refused_not_invented[IDLE]
tests/unit/test_execution_fsm.py::TestCh1DiagramAliases::test_non_fsm_states_are_refused_not_invented[PRUNED]
tests/unit/test_execution_fsm.py::TestCh1DiagramAliases::test_canonical_names_pass_through
tests/unit/test_execution_fsm.py::TestCh1DiagramAliases::test_an_unrecognised_name_fails_closed
tests/unit/test_execution_fsm.py::TestCh1DiagramAliases::test_the_diagram_unknown_name_is_recovery_required
tests/unit/test_execution_fsm.py::TestAdvance::test_a_legal_advance_writes_the_ledger_and_publishes_p1
tests/unit/test_execution_fsm.py::TestAdvance::test_an_illegal_advance_is_refused_and_writes_nothing
tests/unit/test_execution_fsm.py::TestAdvance::test_recovery_required_publishes_at_p0
tests/unit/test_execution_fsm.py::TestAdvance::test_history_is_an_immutable_view
tests/unit/test_execution_fsm.py::TestAdvance::test_reconciled_is_terminal
tests/unit/test_execution_fsm.py::TestSubstates::test_armed_and_triggered_are_nested_in_ready
tests/unit/test_execution_fsm.py::TestSubstates::test_a_substate_outside_ready_is_refused
tests/unit/test_execution_fsm.py::TestSubstates::test_an_unknown_substate_is_refused
tests/unit/test_execution_fsm.py::TestTMon002::test_a_full_lifecycle_never_reverts
tests/unit/test_execution_fsm.py::TestTMon002::test_no_backward_edge_exists_outside_recovery
tests/unit/test_execution_fsm.py::TestTMon002::test_recovery_re_entry_is_the_only_backward_class
tests/unit/test_execution_fsm.py::TestTMon002::test_a_lifecycle_never_revisits_a_state_it_has_left
tests/unit/test_execution_fsm.py::TestTimeouts::test_governed_timeout_literals
tests/unit/test_execution_fsm.py::TestTimeouts::test_submission_timeout_forces_recovery_required
tests/unit/test_execution_fsm.py::TestTimeouts::test_fill_timeout_forces_recovery_required
tests/unit/test_execution_fsm.py::TestTimeouts::test_fill_timeout_applies_to_a_partial_fill_too
tests/unit/test_execution_fsm.py::TestTimeouts::test_no_timeout_inside_the_governed_window
tests/unit/test_execution_fsm.py::TestTimeouts::test_a_terminal_state_never_times_out
tests/unit/test_execution_fsm.py::TestTimeouts::test_check_timeouts_never_mutates_state
tests/unit/test_execution_fsm.py::TestPreSubmissionValidation::test_a_reject_plan_is_never_submitted
tests/unit/test_execution_fsm.py::TestPreSubmissionValidation::test_a_zero_sized_quantity_is_never_submitted
tests/unit/test_execution_fsm.py::TestPreSubmissionValidation::test_a_flat_direction_is_never_an_order
tests/unit/test_execution_fsm.py::TestPreSubmissionValidation::test_a_disabled_cell_is_never_submitted
tests/unit/test_execution_fsm.py::TestPreSubmissionValidation::test_an_unknown_decision_is_refused_at_plan_build
tests/unit/test_execution_fsm.py::TestPreSubmissionValidation::test_an_unknown_decision_is_refused_again_in_ready
tests/unit/test_execution_fsm.py::TestPreSubmissionValidation::test_validation_passes_for_an_allow_plan
tests/unit/test_execution_fsm.py::TestSubmit::test_happy_path_reaches_acknowledged
tests/unit/test_execution_fsm.py::TestSubmit::test_the_intent_id_is_the_client_order_id
tests/unit/test_execution_fsm.py::TestSubmit::test_an_immediate_fill_reaches_filled
tests/unit/test_execution_fsm.py::TestSubmit::test_a_partial_fill_reaches_partial
tests/unit/test_execution_fsm.py::TestSubmit::test_an_exchange_reject_is_terminal_for_the_intent
tests/unit/test_execution_fsm.py::TestSubmit::test_a_lost_ack_forces_recovery_and_never_resubmits
tests/unit/test_execution_fsm.py::TestSubmit::test_an_unmapped_code_forces_recovery
tests/unit/test_execution_fsm.py::TestSubmit::test_a_backoff_retry_is_transparent_and_still_acknowledged
tests/unit/test_execution_fsm.py::TestSubmit::test_submit_without_an_adapter_is_refused
tests/unit/test_execution_fsm.py::TestSubmit::test_a_local_refusal_never_reaches_the_venue
tests/unit/test_execution_fsm.py::TestApplyAdapterResult::test_outcome_to_transition_map[ACKNOWLEDGED-EXCHANGE_ACK-ACKNOWLEDGED]
tests/unit/test_execution_fsm.py::TestApplyAdapterResult::test_outcome_to_transition_map[PARTIAL-PARTIAL_FILL-PARTIAL]
tests/unit/test_execution_fsm.py::TestApplyAdapterResult::test_outcome_to_transition_map[FILLED-FULL_FILL-FILLED]
tests/unit/test_execution_fsm.py::TestApplyAdapterResult::test_outcome_to_transition_map[REJECTED-EXCHANGE_REJECT-REJECTED]
tests/unit/test_execution_fsm.py::TestApplyAdapterResult::test_outcome_to_transition_map[CANCELLED-CANCEL_CONFIRMED-CANCELLED]
tests/unit/test_execution_fsm.py::TestApplyAdapterResult::test_outcome_to_transition_map[UNKNOWN-UNKNOWN_OUTCOME-RECOVERY_REQUIRED]
tests/unit/test_execution_fsm.py::TestFills::test_a_fill_is_written_through_the_single_writer
tests/unit/test_execution_fsm.py::TestFills::test_a_replayed_fill_id_never_double_counts
tests/unit/test_execution_fsm.py::TestFills::test_recording_a_fill_requires_the_ledger
tests/unit/test_execution_fsm.py::TestProtection::test_stop_and_target_are_placed_with_the_governed_defaults
tests/unit/test_execution_fsm.py::TestProtection::test_a_protection_failure_closes_at_market_and_escalates
tests/unit/test_execution_fsm.py::TestProtection::test_protection_requires_an_adapter_and_a_plan
tests/unit/test_execution_fsm.py::TestProtection::test_management_activation
tests/unit/test_execution_fsm.py::TestCloseAndCancel::test_a_close_writes_the_outcome_with_stop_gap_attribution
tests/unit/test_execution_fsm.py::TestCloseAndCancel::test_a_close_without_a_stop_gap_records_none
tests/unit/test_execution_fsm.py::TestCloseAndCancel::test_cancel_uses_the_intent_id
tests/unit/test_execution_fsm.py::TestCloseAndCancel::test_cancel_all_uses_the_protective_batch_path
tests/unit/test_execution_fsm.py::TestCloseAndCancel::test_an_unknown_cancel_outcome_forces_recovery
tests/unit/test_execution_fsm.py::TestReconcile::test_t_match_reaches_reconciled
tests/unit/test_execution_fsm.py::TestReconcile::test_t_reconcile_divergence_forces_recovery_required
tests/unit/test_execution_fsm.py::TestReconcile::test_t_lr_002_requires_reconciled_before_the_next_decision
tests/unit/test_execution_fsm.py::TestReconcile::test_reconcile_without_the_ledger_is_refused
tests/unit/test_execution_fsm.py::TestReconcile::test_a_reconcile_inside_the_one_unit_tolerance_agrees
tests/unit/test_execution_fsm.py::TestReconcile::test_an_unknown_order_state_at_the_venue_forces_recovery
tests/unit/test_execution_fsm.py::TestBuildTradePlan::test_cp6_shapes_project_onto_the_ch16_columns
tests/unit/test_execution_fsm.py::TestBuildTradePlan::test_a_reject_carries_zero_quantity
tests/unit/test_execution_fsm.py::TestBuildTradePlan::test_leverage_is_the_min_over_all_caps
tests/unit/test_execution_fsm.py::TestBuildTradePlan::test_no_trade_becomes_flat_for_the_ch16_check
tests/unit/test_execution_fsm.py::TestBuildTradePlan::test_a_shadow_environment_does_not_exist
tests/unit/test_execution_fsm.py::TestBuildTradePlan::test_an_unknown_decision_is_refused
tests/unit/test_execution_fsm.py::TestBuildTradePlan::test_an_unknown_direction_is_refused
tests/unit/test_execution_fsm.py::TestBuildTradePlan::test_to_dict_is_json_shaped
tests/unit/test_execution_fsm.py::TestBuildTradePlan::test_the_plan_fits_the_frozen_trade_plan_columns
tests/unit/test_execution_fsm.py::TestBootMachine::test_boot_states_and_matrix
tests/unit/test_execution_fsm.py::TestBootMachine::test_a_clean_boot_reaches_ready_and_allows_new_trades
tests/unit/test_execution_fsm.py::TestBootMachine::test_no_new_trade_before_ready
tests/unit/test_execution_fsm.py::TestBootMachine::test_drift_beyond_tolerance_blocks_new_trades
tests/unit/test_execution_fsm.py::TestBootMachine::test_e12_drift_over_500ms_degrades_the_boot
tests/unit/test_execution_fsm.py::TestBootMachine::test_drift_inside_the_ntp_target_boots_ready
tests/unit/test_execution_fsm.py::TestBootMachine::test_an_unmeasurable_clock_is_never_assumed_synchronized
tests/unit/test_execution_fsm.py::TestBootMachine::test_a_boot_without_an_adapter_is_degraded_never_ready
tests/unit/test_execution_fsm.py::TestBootMachine::test_a_boot_without_a_ledger_fails_the_self_test
tests/unit/test_execution_fsm.py::TestBootMachine::test_a_divergent_boot_forces_recovery_required
tests/unit/test_execution_fsm.py::TestBootMachine::test_a_matching_boot_reaches_ready_with_open_intents
tests/unit/test_execution_fsm.py::TestBootMachine::test_an_illegal_boot_transition_is_refused
tests/unit/test_execution_fsm.py::TestBootMachine::test_ladder_actions_are_available_in_every_state_except_starting
tests/unit/test_execution_fsm.py::TestRecoveryReconciliation::test_the_seven_ai9_checks_run_in_order
tests/unit/test_execution_fsm.py::TestRecoveryReconciliation::test_missing_research_providers_fail_closed_not_silently_pass
tests/unit/test_execution_fsm.py::TestRecoveryReconciliation::test_with_providers_and_a_matching_venue_recovery_resumes
tests/unit/test_execution_fsm.py::TestRecoveryReconciliation::test_a_failed_check_halts_recovery
tests/unit/test_execution_fsm.py::TestRecoveryReconciliation::test_a_divergent_venue_halts_recovery
tests/unit/test_fabric_context.py::TestFrozenNumbers::test_twelve_weights_literal_from_yaml
tests/unit/test_fabric_context.py::TestFrozenNumbers::test_twelve_component_names_and_engine_binding
tests/unit/test_fabric_context.py::TestFrozenNumbers::test_weights_sum_to_one_and_are_not_renormalized_away
tests/unit/test_fabric_context.py::TestFrozenNumbers::test_q_min_setup_is_055
tests/unit/test_fabric_context.py::TestFrozenNumbers::test_decay_numbers_005_and_002
tests/unit/test_fabric_context.py::TestFrozenNumbers::test_band_grid_numbers_070_050_030
tests/unit/test_fabric_context.py::TestFrozenNumbers::test_conflict_multiplier_is_060_and_redundancy_halve_is_050
tests/unit/test_fabric_context.py::TestCombiner::test_l1_default_weights_are_the_documented_ones
tests/unit/test_fabric_context.py::TestCombiner::test_sigmoid_of_weighted_sum
tests/unit/test_fabric_context.py::TestCombiner::test_bounds_never_exceed_half_to_one
tests/unit/test_fabric_context.py::TestCombiner::test_mtf_agreement_table_verbatim
tests/unit/test_fabric_context.py::TestCombiner::test_solvency_rule_collapses_to_zero_data_trust
tests/unit/test_fabric_context.py::TestCombiner::test_solvency_rule_data_trust_boundary_inclusive
tests/unit/test_fabric_context.py::TestCombiner::test_solvency_rule_q_min_per_timeframe_boundaries
tests/unit/test_fabric_context.py::TestCombiner::test_q_raw_absent_is_not_zero_substituted
tests/unit/test_fabric_context.py::TestCombiner::test_propagation_thresholds
tests/unit/test_fabric_context.py::TestCombiner::test_band_grid_classification_boundaries_inclusive
tests/unit/test_fabric_context.py::TestCombiner::test_unknown_weight_name_fails_closed
tests/unit/test_fabric_context.py::TestCombiner::test_out_of_range_input_fails_closed
tests/unit/test_fabric_context.py::TestAgreement::test_empty_membership_is_not_agreement
tests/unit/test_fabric_context.py::TestAgreement::test_single_engine_full_agreement
tests/unit/test_fabric_context.py::TestAgreement::test_opposing_group_member_reduces_agreement_by_weight_share
tests/unit/test_fabric_context.py::TestAgreement::test_direction_zero_never_opposes
tests/unit/test_fabric_context.py::TestAgreement::test_cross_group_opposition_is_not_group_disagreement
tests/unit/test_fabric_context.py::TestContextRecord::test_schema_keys_are_exactly_the_frozen_json
tests/unit/test_fabric_context.py::TestContextRecord::test_build_context_recomputes_and_round_trips
tests/unit/test_fabric_context.py::TestContextRecord::test_determinism_same_input_same_hash_and_confidence
tests/unit/test_fabric_context.py::TestSetupScoreAndVacuousPass::test_formula_is_weight_times_s_times_q_times_f
tests/unit/test_fabric_context.py::TestSetupScoreAndVacuousPass::test_absent_components_contribute_nothing
tests/unit/test_fabric_context.py::TestSetupScoreAndVacuousPass::test_unscored_engine_in_fabric_contributes_nothing
tests/unit/test_fabric_context.py::TestSetupScoreAndVacuousPass::test_vacuous_pass_EMPTY_EVIDENCE_FAILS
tests/unit/test_fabric_context.py::TestSetupScoreAndVacuousPass::test_the_guard_is_what_makes_it_fail
tests/unit/test_fabric_context.py::TestSetupScoreAndVacuousPass::test_components_are_only_the_twelve
tests/unit/test_fabric_context.py::TestSetupScoreAndVacuousPass::test_missing_quality_fails_closed
tests/unit/test_fabric_context.py::TestSetupScoreAndVacuousPass::test_factor_domain_is_zero_one
tests/unit/test_fabric_context.py::TestSetupScoreAndVacuousPass::test_required_conflict_multiplies_by_06
tests/unit/test_fabric_context.py::TestSetupScoreAndVacuousPass::test_optional_conflict_only_adds_a_penalty
tests/unit/test_fabric_context.py::TestSetupScoreAndVacuousPass::test_redundancy_window_is_48_points
tests/unit/test_fabric_context.py::TestSetupScoreAndVacuousPass::test_redundancy_below_20_points_skips
tests/unit/test_fabric_context.py::TestSetupScoreAndVacuousPass::test_redundancy_boundary_085_is_strictly_above
tests/unit/test_fabric_context.py::TestSetupScoreAndVacuousPass::test_redundancy_tie_keeps_the_higher_engine_id
tests/unit/test_fabric_context.py::TestSetupScoreAndVacuousPass::test_freshness_factor_uses_the_governed_evidence_decay
tests/unit/test_fabric_context.py::TestConflictResolution::test_exactly_four_structured_outputs
tests/unit/test_fabric_context.py::TestConflictResolution::test_terminal_mapping_boundaries
tests/unit/test_fabric_context.py::TestConflictResolution::test_gate_projection_thresholds
tests/unit/test_fabric_context.py::TestConflictResolution::test_penalties_are_produced_here_not_redefined
tests/unit/test_fabric_context.py::TestConflictResolution::test_record_fields_are_exactly_the_frozen_list
tests/unit/test_fabric_context.py::TestConflictResolution::test_component_domain_fail_closed
tests/unit/test_fabric_context.py::TestConflictResolution::test_quality_asymmetry_and_stale_fraction
tests/unit/test_fabric_context.py::TestTConflictMonotonicity::test_raising_uncertainty_never_grants_consensus[disagreement-0.9-base_kw0]
tests/unit/test_fabric_context.py::TestTConflictMonotonicity::test_raising_uncertainty_never_grants_consensus[stale_fraction-1.0-base_kw1]
tests/unit/test_fabric_context.py::TestTConflictMonotonicity::test_raising_uncertainty_never_grants_consensus[uncertainty-1.0-base_kw2]
tests/unit/test_fabric_context.py::TestTConflictMonotonicity::test_raising_uncertainty_never_grants_consensus[redundancy-1.0-base_kw3]
tests/unit/test_fabric_context.py::TestTConflictMonotonicity::test_raising_uncertainty_never_grants_consensus[quality_asymmetry-1.0-base_kw4]
tests/unit/test_fabric_context.py::TestTConflictMonotonicity::test_monotonicity_assertion_catches_a_violation
tests/unit/test_fabric_context.py::TestTConflictMonotonicity::test_monotone_ok_is_the_veto_nine_condition
tests/unit/test_fabric_context.py::TestSevenInvariants::test_all_seven_defined_and_quoted
tests/unit/test_fabric_context.py::TestSevenInvariants::test_i1_pit_is_enforced_by_the_fabric
tests/unit/test_fabric_context.py::TestSevenInvariants::test_i7_conflict_never_grants_permission
tests/unit/test_fabric_context.py::TestCrossSymbolLayer::test_correlation_record_scope_enforced
tests/unit/test_fabric_context.py::TestCrossSymbolLayer::test_divergence_record_stores_both_pivots
tests/unit/test_fabric_context.py::TestCrossSymbolLayer::test_smt_record_has_no_reversion_semantics
tests/unit/test_fabric_context.py::TestCrossSymbolLayer::test_correlation_exposure_cap_boundary
tests/unit/test_fabric_evidence.py::TestSL14Crosswalk::test_crosswalk_verbatim_equivalences
tests/unit/test_fabric_evidence.py::TestSL14Crosswalk::test_crosswalk_covers_every_engine_state
tests/unit/test_fabric_evidence.py::TestSL14Crosswalk::test_crosswalk_targets_exist_in_the_frozen_lifecycle_enum
tests/unit/test_fabric_evidence.py::TestSL14Crosswalk::test_unknown_engine_state_fails_closed
tests/unit/test_fabric_evidence.py::TestSL14Crosswalk::test_ladder_reaches_the_terminal_states_only
tests/unit/test_fabric_evidence.py::TestLifecycleMachine::test_forward_transitions_are_lawful[CANDIDATE-CONFIRMED]
tests/unit/test_fabric_evidence.py::TestLifecycleMachine::test_forward_transitions_are_lawful[CONFIRMED-ACTIVE]
tests/unit/test_fabric_evidence.py::TestLifecycleMachine::test_forward_transitions_are_lawful[ACTIVE-MITIGATED]
tests/unit/test_fabric_evidence.py::TestLifecycleMachine::test_forward_transitions_are_lawful[ACTIVE-INVALIDATED]
tests/unit/test_fabric_evidence.py::TestLifecycleMachine::test_forward_transitions_are_lawful[ACTIVE-EXPIRED]
tests/unit/test_fabric_evidence.py::TestLifecycleMachine::test_forward_transitions_are_lawful[ACTIVE-SUPERSEDED]
tests/unit/test_fabric_evidence.py::TestLifecycleMachine::test_forward_transitions_are_lawful[MITIGATED-INVALIDATED]
tests/unit/test_fabric_evidence.py::TestLifecycleMachine::test_forward_transitions_are_lawful[MITIGATED-EXPIRED]
tests/unit/test_fabric_evidence.py::TestLifecycleMachine::test_forward_transitions_are_lawful[MITIGATED-SUPERSEDED]
tests/unit/test_fabric_evidence.py::TestLifecycleMachine::test_illegal_transitions_fail_closed[ACTIVE-CANDIDATE]
tests/unit/test_fabric_evidence.py::TestLifecycleMachine::test_illegal_transitions_fail_closed[ACTIVE-CONFIRMED]
tests/unit/test_fabric_evidence.py::TestLifecycleMachine::test_illegal_transitions_fail_closed[CANDIDATE-ACTIVE]
tests/unit/test_fabric_evidence.py::TestLifecycleMachine::test_illegal_transitions_fail_closed[CONFIRMED-SUPERSEDED]
tests/unit/test_fabric_evidence.py::TestLifecycleMachine::test_illegal_transitions_fail_closed[INVALIDATED-ACTIVE]
tests/unit/test_fabric_evidence.py::TestLifecycleMachine::test_illegal_transitions_fail_closed[EXPIRED-ACTIVE]
tests/unit/test_fabric_evidence.py::TestLifecycleMachine::test_illegal_transitions_fail_closed[SUPERSEDED-CONFIRMED]
tests/unit/test_fabric_evidence.py::TestLifecycleMachine::test_unknown_state_is_rejected_not_invented
tests/unit/test_fabric_evidence.py::TestLifecycleMachine::test_fabric_admission_state_is_active_only
tests/unit/test_fabric_evidence.py::TestExpiryLaw::test_expiry_is_five_tf_for_every_cell
tests/unit/test_fabric_evidence.py::TestExpiryLaw::test_unknown_timeframe_fails_closed
tests/unit/test_fabric_evidence.py::TestFreshnessDecay::test_decay_is_exp_minus_lambda_age
tests/unit/test_fabric_evidence.py::TestFreshnessDecay::test_decay_is_monotone_downward
tests/unit/test_fabric_evidence.py::TestFreshnessDecay::test_negative_inputs_fail_closed
tests/unit/test_fabric_evidence.py::TestEvidenceFabric::test_shape_matches_the_frozen_json
tests/unit/test_fabric_evidence.py::TestEvidenceFabric::test_only_active_evidence_enters
tests/unit/test_fabric_evidence.py::TestEvidenceFabric::test_lineage_down_to_raw_is_mandatory
tests/unit/test_fabric_evidence.py::TestEvidenceFabric::test_lineage_must_resolve_when_raw_set_given
tests/unit/test_fabric_evidence.py::TestEvidenceFabric::test_pit_invariant_i1_excludes_future_evidence
tests/unit/test_fabric_evidence.py::TestEvidenceFabric::test_scope_key_is_enforced
tests/unit/test_fabric_evidence.py::TestEvidenceFabric::test_expired_members_leave_the_fabric
tests/unit/test_fabric_evidence.py::TestEvidenceFabric::test_data_trust_out_of_range_fails_closed
tests/unit/test_fabric_evidence.py::TestEvidenceFabric::test_hash_is_sha256_of_canonical_serialization_and_stable
tests/unit/test_fabric_evidence.py::TestEvidenceFabric::test_fabric_is_read_only_for_engines
tests/unit/test_fabric_evidence.py::TestEvidenceFabric::test_ref_validation_is_fail_closed
tests/unit/test_fabric_evidence.py::TestEvidenceFabric::test_group_partition_is_total_and_disjoint
tests/unit/test_fabric_evidence.py::TestFabricFromEvents::test_adapter_crosswalks_engine_local_states
tests/unit/test_fabric_evidence.py::TestFabricFromEvents::test_missing_lifecycle_field_fails_closed
tests/unit/test_fabric_evidence.py::TestIdentityRules::test_fabric_id_is_derived_from_the_hash
tests/unit/test_forecast_logistic.py::TestFrozenContract::test_event_shape_is_the_exact_seven_fields
tests/unit/test_forecast_logistic.py::TestFrozenContract::test_event_validation_fails_closed
tests/unit/test_forecast_logistic.py::TestFrozenContract::test_feature_vector_is_the_frozen_twelve
tests/unit/test_forecast_logistic.py::TestFrozenContract::test_bootstrap_is_exactly_half
tests/unit/test_forecast_logistic.py::TestFrozenContract::test_missing_or_unknown_feature_fails_closed
tests/unit/test_forecast_logistic.py::TestFrozenContract::test_q_forecast_default_is_the_bootstrap_value
tests/unit/test_forecast_logistic.py::TestFrozenContract::test_seven_invalidation_reasons_in_order
tests/unit/test_forecast_logistic.py::TestPUCSemantics::test_uncertainty_combination_is_the_frozen_formula
tests/unit/test_forecast_logistic.py::TestPUCSemantics::test_named_components_are_the_six
tests/unit/test_forecast_logistic.py::TestPUCSemantics::test_out_of_range_component_fails_closed
tests/unit/test_forecast_logistic.py::TestEconomicUtilityAndDecay::test_eu_formula_and_bootstrap_value
tests/unit/test_forecast_logistic.py::TestEconomicUtilityAndDecay::test_r_penalty_ladder_values
tests/unit/test_forecast_logistic.py::TestEconomicUtilityAndDecay::test_unavailable_spread_enforces_the_cost_floor
tests/unit/test_forecast_logistic.py::TestEconomicUtilityAndDecay::test_horizon_and_decay
tests/unit/test_forecast_logistic.py::TestEconomicUtilityAndDecay::test_calibration_thresholds_are_the_documented_numbers
tests/unit/test_forecast_logistic.py::TestCompositeEstimator::test_weighted_mean_and_normalization
tests/unit/test_forecast_logistic.py::TestCompositeEstimator::test_small_sample_shrinkage_shifts_weight_to_bayesian
tests/unit/test_forecast_logistic.py::TestCompositeEstimator::test_ensemble_absence_redistributes_never_zero_substitutes
tests/unit/test_forecast_logistic.py::TestCompositeEstimator::test_no_components_is_a_vacuous_refusal
tests/unit/test_forecast_logistic.py::TestCompositeEstimator::test_unknown_weight_key_fails_closed
tests/unit/test_forecast_logistic.py::TestPaperOnlyPrior::test_bootstrap_prior_eligible_in_research_and_paper
tests/unit/test_forecast_logistic.py::TestPaperOnlyPrior::test_live_capital_is_refused_not_degraded
tests/unit/test_forecast_logistic.py::TestPaperOnlyPrior::test_calibrated_package_unlocks_live
tests/unit/test_forecast_logistic.py::TestPaperOnlyPrior::test_asking_for_the_missing_package_or_calibration_raises_wave_out
tests/unit/test_forecast_logistic.py::TestInvalidation::test_seven_reasons_unique_traceable_immutable
tests/unit/test_forecast_logistic.py::TestInvalidation::test_every_reason_is_accepted[TARGET_REACHED]
tests/unit/test_forecast_logistic.py::TestInvalidation::test_every_reason_is_accepted[INVALIDATION]
tests/unit/test_forecast_logistic.py::TestInvalidation::test_every_reason_is_accepted[HORIZON_EXPIRED]
tests/unit/test_forecast_logistic.py::TestInvalidation::test_every_reason_is_accepted[REGIME_SHIFT]
tests/unit/test_forecast_logistic.py::TestInvalidation::test_every_reason_is_accepted[QUALITY_DEGRADED]
tests/unit/test_forecast_logistic.py::TestInvalidation::test_every_reason_is_accepted[PACKAGE_INVALIDATED]
tests/unit/test_forecast_logistic.py::TestInvalidation::test_every_reason_is_accepted[SOURCE_STALE]
tests/unit/test_forecast_logistic.py::TestInvalidation::test_unknown_reason_and_missing_trigger_fail_closed
tests/unit/test_forecast_logistic.py::TestTDR003Replay::test_replay_is_byte_identical
tests/unit/test_forecast_logistic.py::TestAGRegistry::test_twelve_entries_with_seven_fields_each
tests/unit/test_forecast_logistic.py::TestAGRegistry::test_every_model_binds_to_q_i_or_nothing
tests/unit/test_forecast_logistic.py::TestAGRegistry::test_e08_has_no_model_and_e11_is_research_without_consumer
tests/unit/test_forecast_logistic.py::TestAGRegistry::test_gate_enrichment_is_limited_to_gates_7_to_10
tests/unit/test_forecast_logistic.py::TestAGRegistry::test_no_new_gate_or_veto_is_created
tests/unit/test_forecast_logistic.py::TestAGRegistry::test_incomplete_or_illegal_model_fails_closed
tests/unit/test_forecast_logistic.py::TestAGRegistry::test_registry_summary_matches_the_registry
tests/unit/test_forecast_logistic.py::test_d34_confidence_is_one_minus_weighted_uncertainty_before_after
tests/unit/test_identity.py::TestCanonicalJson::test_sorted_keys_no_whitespace
tests/unit/test_identity.py::TestCanonicalJson::test_decimal_fixed_point_no_exponent
tests/unit/test_identity.py::TestCanonicalJson::test_datetime_z_millis
tests/unit/test_identity.py::TestCanonicalJson::test_nan_inf_forbidden
tests/unit/test_identity.py::TestCanonicalJson::test_unsupported_type_fails_closed
tests/unit/test_identity.py::TestCanonicalJson::test_non_string_keys_rejected
tests/unit/test_identity.py::TestCanonicalJson::test_pit_001_byte_identical_reserialization
tests/unit/test_identity.py::TestContentId::test_pit_002_identical_payloads_identical_content_id
tests/unit/test_identity.py::TestContentId::test_different_payload_different_id
tests/unit/test_identity.py::TestReplayKey::test_pit_003_stable_key_and_cache_semantics
tests/unit/test_identity.py::TestSnapshot::test_pit_004_snapshot_id_reproducible
tests/unit/test_identity.py::TestSnapshot::test_created_at_not_in_identity
tests/unit/test_identity.py::TestSnapshot::test_symbol_scope_over_10_block
tests/unit/test_identity.py::TestSnapshot::test_timeframe_scope_over_14_block
tests/unit/test_identity.py::TestSnapshot::test_missing_package_or_code_version_qx
tests/unit/test_identity.py::TestSnapshot::test_canonical_snapshot_id_frozen_wrapper
tests/unit/test_identity.py::TestSnapshot::test_governed_as_of_max_and_fail_closed
tests/unit/test_identity.py::TestUuidV7::test_rfc9562_shape
tests/unit/test_identity.py::TestUuidV7::test_id_001_monotonic_no_duplicates
tests/unit/test_identity.py::TestUuidV7::test_single_implementation_grep
tests/unit/test_identity.py::TestUuidV7::test_operational_only_never_in_payloads
tests/unit/test_ledger_store.py::TestMigrations::test_cp7_migrations_are_applied_and_recorded
tests/unit/test_ledger_store.py::TestMigrations::test_migration_is_idempotent
tests/unit/test_ledger_store.py::TestMigrations::test_trade_plan_columns_match_the_frozen_ch16_ddl
tests/unit/test_ledger_store.py::TestMigrations::test_trade_plan_ddl_is_the_verbatim_chapter_16_block
tests/unit/test_ledger_store.py::TestMigrations::test_ledger_audit_is_append_only_at_the_schema_level
tests/unit/test_ledger_store.py::TestSingleWriter::test_a_second_writer_on_the_same_database_is_refused
tests/unit/test_ledger_store.py::TestSingleWriter::test_active_writer_registry_reports_the_one_writer
tests/unit/test_ledger_store.py::TestSingleWriter::test_the_slot_is_released_after_stop
tests/unit/test_ledger_store.py::TestSingleWriter::test_two_databases_may_each_have_one_writer
tests/unit/test_ledger_store.py::TestSingleWriter::test_only_the_ledger_module_writes_ledger_rows
tests/unit/test_ledger_store.py::TestSingleWriter::test_no_test_or_script_writes_ledger_rows_directly
tests/unit/test_ledger_store.py::TestTLR001::test_one_thousand_concurrent_writes_are_appended_in_order
tests/unit/test_ledger_store.py::TestTLR001::test_no_overwrite_update_or_delete_is_possible
tests/unit/test_ledger_store.py::TestTLR001::test_append_only_triggers_exist_on_the_ledger_table
tests/unit/test_ledger_store.py::TestTLR001::test_a_stopped_writer_refuses_writes
tests/unit/test_ledger_store.py::TestTLR001::test_an_append_without_an_event_type_is_refused
tests/unit/test_ledger_store.py::TestTLedger::test_a_clean_chain_verifies
tests/unit/test_ledger_store.py::TestTLedger::test_a_covert_insert_breaks_the_parent_linkage
tests/unit/test_ledger_store.py::TestTLedger::test_a_covert_modify_is_blocked_and_would_break_the_hash
tests/unit/test_ledger_store.py::TestTLedger::test_payload_hash_is_sha256_of_the_canonical_record
tests/unit/test_ledger_store.py::TestTLedger::test_the_chain_head_survives_a_writer_restart
tests/unit/test_ledger_store.py::TestTLR002::test_advance_without_reconciled_is_rejected
tests/unit/test_ledger_store.py::TestTLR002::test_advance_after_reconciled_is_allowed
tests/unit/test_ledger_store.py::TestTLR002::test_a_blocked_ledger_rejects_every_advance
tests/unit/test_ledger_store.py::TestTLR003::test_ten_broker_ledger_deltas_are_all_detected_and_logged
tests/unit/test_ledger_store.py::TestTLR003::test_new_entries_are_blocked_while_divergent
tests/unit/test_ledger_store.py::TestTLR003::test_a_matching_reconcile_clears_the_block
tests/unit/test_ledger_store.py::TestTLR003::test_t_match_ledger_position_equals_exchange_position
tests/unit/test_ledger_store.py::TestTLR003::test_a_delta_inside_the_one_unit_tolerance_is_not_a_divergence
tests/unit/test_ledger_store.py::TestTLR003::test_a_ledger_position_missing_from_the_exchange_is_a_divergence
tests/unit/test_ledger_store.py::TestTLR003::test_a_flat_ledger_never_reports_a_phantom_position
tests/unit/test_ledger_store.py::TestPositionsFromLedger::test_sides_sign_the_net_quantity
tests/unit/test_ledger_store.py::TestPositionsFromLedger::test_an_unknown_side_is_never_guessed
tests/unit/test_ledger_store.py::TestPositionsFromLedger::test_fills_are_idempotent_under_fill_id
tests/unit/test_ledger_store.py::TestPositionsFromLedger::test_find_by_intent_returns_the_whole_trail
tests/unit/test_ledger_store.py::TestPositionsFromLedger::test_find_by_intent_is_empty_for_an_unknown_intent
tests/unit/test_ledger_store.py::TestMoneyBoundary::test_decimal_inputs_are_stored_as_text
tests/unit/test_ledger_store.py::TestMoneyBoundary::test_no_floats_inside_the_raw_record
tests/unit/test_ledger_store.py::TestMoneyBoundary::test_a_string_number_is_normalized_through_decimal
tests/unit/test_ledger_store.py::TestTradePlan::test_a_trade_plan_is_materialized_with_every_ch16_column
tests/unit/test_ledger_store.py::TestTradePlan::test_environment_filter
tests/unit/test_ledger_store.py::TestTradePlan::test_invalid_plans_fail_closed[mutation0-ENVIRONMENT_QX]
tests/unit/test_ledger_store.py::TestTradePlan::test_invalid_plans_fail_closed[mutation1-DIRECTION_QX]
tests/unit/test_ledger_store.py::TestTradePlan::test_invalid_plans_fail_closed[mutation2-DECISION_QX]
tests/unit/test_ledger_store.py::TestTradePlan::test_invalid_plans_fail_closed[mutation3-SIZED_QUANTITY_REQUIRED]
tests/unit/test_ledger_store.py::TestTradePlan::test_invalid_plans_fail_closed[mutation4-TRADE_PLAN_IDENTITY_REQUIRED]
tests/unit/test_ledger_store.py::TestTradePlan::test_invalid_plans_fail_closed[mutation5-TRADE_PLAN_IDENTITY_REQUIRED]
tests/unit/test_ledger_store.py::TestTradePlan::test_no_shadow_environment_exists
tests/unit/test_ledger_store.py::TestOutcome::test_an_outcome_is_appended_with_the_frozen_columns
tests/unit/test_ledger_store.py::TestOutcome::test_outcome_requires_the_setup_fk
tests/unit/test_ledger_store.py::TestOutcome::test_an_outcome_with_a_missing_setup_parent_is_refused_by_the_fk
tests/unit/test_ledger_store.py::TestOutcome::test_outcome_columns_are_the_frozen_cp1_set
tests/unit/test_ledger_store.py::TestStopGapAndProtection::test_stop_gap_slippage_sign_law[LONG-100-98.5-1.5-True]
tests/unit/test_ledger_store.py::TestStopGapAndProtection::test_stop_gap_slippage_sign_law[LONG-100-100.5--0.5-False]
tests/unit/test_ledger_store.py::TestStopGapAndProtection::test_stop_gap_slippage_sign_law[SHORT-100-101.5-1.5-True]
tests/unit/test_ledger_store.py::TestStopGapAndProtection::test_stop_gap_slippage_sign_law[SHORT-100-99.5--0.5-False]
tests/unit/test_ledger_store.py::TestStopGapAndProtection::test_an_unknown_direction_is_refused
tests/unit/test_ledger_store.py::TestStopGapAndProtection::test_protection_failed_escalates_to_owner_at_p0
tests/unit/test_ledger_store.py::TestStopGapAndProtection::test_protection_failure_is_written_to_the_ledger
tests/unit/test_ledger_store.py::TestAuditTrail::test_every_append_is_mirrored_into_ledger_audit
tests/unit/test_ledger_store.py::TestAuditTrail::test_actor_can_be_named_per_append
tests/unit/test_ledger_store.py::TestWalAndReadPath::test_the_database_is_in_wal_mode
tests/unit/test_ledger_store.py::TestWalAndReadPath::test_reads_are_ordered_and_limited
tests/unit/test_ledger_store.py::TestWalAndReadPath::test_canonical_json_is_stable_for_the_same_payload
tests/unit/test_ops_backup.py::TestConstants::test_cadence_and_targets
tests/unit/test_ops_backup.py::TestConstants::test_storage_thresholds
tests/unit/test_ops_backup.py::TestConstants::test_encryption_is_not_claimed
tests/unit/test_ops_backup.py::TestStorageGuard::test_floor_pause
tests/unit/test_ops_backup.py::TestStorageGuard::test_floor_boundary
tests/unit/test_ops_backup.py::TestStorageGuard::test_storage_alert_above_80_pct_used
tests/unit/test_ops_backup.py::TestStorageGuard::test_used_fraction_derived_when_absent
tests/unit/test_ops_backup.py::TestStorageGuard::test_healthy_device_proceeds_quietly
tests/unit/test_ops_backup.py::TestBackup::test_online_backup_is_byte_identical_and_verified
tests/unit/test_ops_backup.py::TestBackup::test_backup_survives_an_open_wal_connection
tests/unit/test_ops_backup.py::TestBackup::test_absent_source_fails_closed
tests/unit/test_ops_backup.py::TestBackup::test_encryption_request_fails_closed_without_mislabelling
tests/unit/test_ops_backup.py::TestBackup::test_integrity_check_detects_a_corrupt_file
tests/unit/test_ops_backup.py::TestBackup::test_duration_is_measured_not_estimated
tests/unit/test_ops_backup.py::TestBackup::test_result_reports_the_frozen_interval
tests/unit/test_ops_backup.py::TestRestore::test_restore_round_trip
tests/unit/test_ops_backup.py::TestRestore::test_existing_target_refused_unless_overwritten
tests/unit/test_ops_backup.py::TestRestore::test_missing_backup_refused
tests/unit/test_ops_backup.py::TestRestore::test_drill_due_every_90_days
tests/unit/test_ops_backup.py::TestRestoreDrillT001::test_drill_passes_end_to_end_in_a_tempdir
tests/unit/test_ops_backup.py::TestRestoreDrillT001::test_drill_leaves_nothing_outside_its_workdir
tests/unit/test_ops_backup.py::TestRestoreDrillT001::test_drill_record_count_is_exact
tests/unit/test_ops_backup.py::TestRestoreDrillT001::test_verify_restored_ledger_reads_the_chain
tests/unit/test_ops_bootstrap_service.py::TestKlineSource::test_page_contract_and_cursor
tests/unit/test_ops_bootstrap_service.py::TestKlineSource::test_rate_limit_is_a_backoff_never_a_skip
tests/unit/test_ops_bootstrap_service.py::TestKlineSource::test_rate_limit_surfaces_when_walk_retries_exhaust
tests/unit/test_ops_bootstrap_service.py::TestKlineSource::test_non_rate_limit_failure_stops_with_a_named_reason
tests/unit/test_ops_bootstrap_service.py::TestKlineSource::test_page_budget_stops_cleanly_and_resumably
tests/unit/test_ops_bootstrap_service.py::TestKlineSource::test_empty_page_finishes_the_cell
tests/unit/test_ops_bootstrap_service.py::TestTailAlignedSource::test_full_walk_cell_completes_with_all_bars_ascending
tests/unit/test_ops_bootstrap_service.py::TestTailAlignedSource::test_empty_first_page_no_longer_completes_at_zero_bars
tests/unit/test_ops_bootstrap_service.py::TestTailAlignedSource::test_budget_counts_runner_facing_pages_only
tests/unit/test_ops_bootstrap_service.py::TestTailAlignedSource::test_backoff_inside_the_walk
tests/unit/test_ops_bootstrap_service.py::TestTailAlignedSource::test_dedup_stop_on_repeated_first_row
tests/unit/test_ops_bootstrap_service.py::TestTailAlignedSource::test_resume_with_forward_cursor_filters_already_collected
tests/unit/test_ops_bootstrap_service.py::TestTailAlignedSource::test_resume_across_source_restart_rewalks_but_filters
tests/unit/test_ops_bootstrap_service.py::TestTailAlignedSource::test_non_rate_limit_during_walk_is_named_fail_closed
tests/unit/test_ops_bootstrap_service.py::TestBridge::test_bridge_reports_missing_start
tests/unit/test_ops_bootstrap_service.py::TestBridge::test_bridge_round_trip_and_close
tests/unit/test_ops_bootstrap_service.py::TestIngest::test_rows_are_appended_and_repeats_are_deduped
tests/unit/test_ops_bootstrap_service.py::TestIngest::test_row_cell_mismatch_is_refused
tests/unit/test_ops_bootstrap_service.py::TestProbes::test_free_disk_is_measured
tests/unit/test_ops_bootstrap_service.py::TestProbes::test_absent_battery_binary_never_skips
tests/unit/test_ops_bootstrap_service.py::TestProbes::test_battery_json_is_parsed
tests/unit/test_ops_bootstrap_service.py::TestProbes::test_malformed_battery_output_is_none
tests/unit/test_ops_bootstrap_service.py::TestService::test_status_works_offline_without_a_venue
tests/unit/test_ops_bootstrap_service.py::TestService::test_command_surface_and_reporting
tests/unit/test_ops_bootstrap_service.py::TestService::test_report_without_a_notifier_is_a_reported_refusal
tests/unit/test_ops_bootstrap_service.py::TestService::test_bounded_run_is_resumable_and_idempotent
tests/unit/test_ops_bootstrap_service.py::TestService::test_complete_run_marks_the_cell
tests/unit/test_ops_bootstrap_service.py::TestService::test_tail_aligned_pilot_regression_completes_with_bars
tests/unit/test_ops_bootstrap_service.py::TestService::test_complete_run_mirrors_canonical_done_and_cursor
tests/unit/test_ops_bootstrap_service.py::TestService::test_budget_paused_mirrors_canonical_running_and_cursor
tests/unit/test_ops_bootstrap_service.py::TestOhlcLaw::test_verbatim_poison_rows_are_measured_in_every_row_shape
tests/unit/test_ops_bootstrap_service.py::TestOhlcLaw::test_valid_and_degenerate_candles_pass
tests/unit/test_ops_bootstrap_service.py::TestOhlcLaw::test_verdict_equals_the_frozen_ddl_predicate
tests/unit/test_ops_bootstrap_service.py::TestOhlcLaw::test_high_below_low_is_a_violation
tests/unit/test_ops_bootstrap_service.py::TestOhlcLaw::test_unparseable_ohlc_is_named_per_field
tests/unit/test_ops_bootstrap_service.py::TestOhlcLaw::test_rows_without_ohlc_are_not_judged
tests/unit/test_ops_bootstrap_service.py::TestVenueDataHygiene::test_poison_rows_dropped_and_valid_neighbours_ingested
tests/unit/test_ops_bootstrap_service.py::TestVenueDataHygiene::test_page_of_only_poison_rows_never_ends_the_walk_early
tests/unit/test_ops_bootstrap_service.py::TestVenueDataHygiene::test_all_poison_cell_completes_with_zero_bars_and_full_evidence
tests/unit/test_ops_bootstrap_service.py::TestVenueDataHygiene::test_weird_volume_and_trade_fields_are_never_a_drop_reason
tests/unit/test_ops_bootstrap_service.py::TestVenueDataHygiene::test_unparseable_volume_stays_the_frozen_clients_named_failure
tests/unit/test_ops_bootstrap_service.py::TestVenueDataHygiene::test_resume_past_a_poison_region_never_reserves_the_poison
tests/unit/test_ops_bootstrap_service.py::TestVenueDataHygiene::test_rate_limit_inside_the_walk_still_backoffs_and_never_skips
tests/unit/test_ops_bootstrap_service.py::TestVenueDataHygiene::test_non_rate_limit_error_during_a_poisoned_walk_is_named_fail_closed
tests/unit/test_ops_bootstrap_service.py::TestVenueDataHygieneService::test_poison_never_reaches_the_store_and_the_cell_completes
tests/unit/test_ops_bootstrap_service.py::TestVenueDataHygieneService::test_clean_cell_reports_zero_drops
tests/unit/test_ops_bootstrap_service.py::TestVenueDataHygieneService::test_budget_stop_keeps_the_drop_evidence
tests/unit/test_ops_bootstrap_service.py::TestVenueDataHygieneService::test_offline_status_reports_zero_drops
tests/unit/test_ops_bootstrap_service.py::TestVenueDataHygieneService::test_frozen_store_ddl_check_still_rejects_the_poison_row
tests/unit/test_ops_bootstrap_service.py::TestCloseTimeMs::test_fixed_intervals_add_their_exact_length
tests/unit/test_ops_bootstrap_service.py::TestCloseTimeMs::test_1mo_is_the_next_calendar_month_december_to_january
tests/unit/test_ops_bootstrap_service.py::TestCloseTimeMs::test_1mo_february_follows_the_real_calendar
tests/unit/test_ops_bootstrap_service.py::TestCloseTimeMs::test_1mo_unaligned_open_still_closes_next_month
tests/unit/test_ops_bootstrap_service.py::TestCloseTimeMs::test_unknown_timeframe_fails_closed
tests/unit/test_ops_bootstrap_service.py::TestClosedBarLaw::test_open_bar_is_not_stored_closed_ones_are
tests/unit/test_ops_bootstrap_service.py::TestClosedBarLaw::test_two_runs_ingest_the_newly_closed_bar_once_restart
tests/unit/test_ops_bootstrap_service.py::TestClosedBarLaw::test_two_runs_ingest_the_newly_closed_bar_once_same_process
tests/unit/test_ops_bootstrap_service.py::TestClosedBarLaw::test_run_seconds_later_stores_nothing_and_completes
tests/unit/test_ops_bootstrap_service.py::TestClosedBarLaw::test_budget_stop_midcell_resumes_from_the_frontier
tests/unit/test_ops_bootstrap_service.py::TestClosedBarLaw::test_1mo_calendar_close_across_the_year_boundary
tests/unit/test_ops_bootstrap_service.py::TestClosedBarLaw::test_1mo_long_month_next_cursor_still_advances
tests/unit/test_ops_bootstrap_service.py::TestCursorAlwaysAdvances::test_fresh_run_advances_on_every_page
tests/unit/test_ops_bootstrap_service.py::TestCursorAlwaysAdvances::test_resume_with_a_newly_closed_bar_advances
tests/unit/test_ops_bootstrap_service.py::TestCursorAlwaysAdvances::test_resume_with_nothing_new_closed_advances
tests/unit/test_ops_bootstrap_service.py::TestCursorAlwaysAdvances::test_budget_resume_advances
tests/unit/test_ops_bootstrap_service.py::TestDropEvidencePersistence::test_complete_cell_persists_drop_evidence_in_payload
tests/unit/test_ops_bootstrap_service.py::TestDropEvidencePersistence::test_offline_status_sums_the_durable_payload
tests/unit/test_ops_bootstrap_service.py::TestDropEvidencePersistence::test_budget_stop_reports_live_drops_but_persists_nothing
tests/unit/test_ops_bootstrap_service.py::TestDropEvidencePersistence::test_rerun_with_same_end_preserves_the_payload
tests/unit/test_ops_bootstrap_service.py::TestDropEvidencePersistence::test_cell_complete_evidence_detector
tests/unit/test_ops_bootstrap_service.py::TestDropEvidencePersistence::test_every_evidence_line_is_printed
tests/unit/test_ops_partial_bar_repair.py::TestFindCandidates::test_finds_only_partial_closed_rows
tests/unit/test_ops_partial_bar_repair.py::TestFindCandidates::test_cells_filter_restricts_candidates
tests/unit/test_ops_partial_bar_repair.py::TestLiveAndEvidence::test_live_match_verifies_without_writing
tests/unit/test_ops_partial_bar_repair.py::TestLiveAndEvidence::test_live_mismatch_corrects_in_dry_run_without_writing
tests/unit/test_ops_partial_bar_repair.py::TestLiveAndEvidence::test_live_open_mismatch_is_treated_as_absent
tests/unit/test_ops_partial_bar_repair.py::TestLiveAndEvidence::test_evidence_f6a_verifies_when_live_absent
tests/unit/test_ops_partial_bar_repair.py::TestLiveAndEvidence::test_evidence_f6b_differs_reports_correction_dry_run
tests/unit/test_ops_partial_bar_repair.py::TestLiveAndEvidence::test_evidence_store_mismatch_is_refused
tests/unit/test_ops_partial_bar_repair.py::TestApply::test_apply_corrects_and_second_apply_is_noop
tests/unit/test_ops_partial_bar_repair.py::TestApply::test_apply_verified_writes_nothing
tests/unit/test_ops_partial_bar_repair.py::TestApply::test_report_filename_shape
tests/unit/test_ops_partial_bar_repair.py::TestUnrepairable::test_no_source_leaves_the_row_untouched
tests/unit/test_ops_partial_bar_repair.py::TestRefusals::test_ohlc_violating_replacement_refused_by_name
tests/unit/test_ops_partial_bar_repair.py::TestRefusals::test_missing_evidence_file_fails_closed
tests/unit/test_ops_partial_bar_repair.py::TestRefusals::test_malformed_evidence_json_fails_closed
tests/unit/test_ops_partial_bar_repair.py::TestRepairPartialCli::test_cli_verified_exits_zero_and_writes_report
tests/unit/test_ops_partial_bar_repair.py::TestRepairPartialCli::test_cli_apply_corrects_and_exits_zero
tests/unit/test_ops_partial_bar_repair.py::TestRepairPartialCli::test_cli_unrepairable_exits_degraded
tests/unit/test_ops_partial_bar_repair.py::TestRepairPartialCli::test_cli_refused_exits_degraded
tests/unit/test_ops_partial_bar_repair.py::TestRepairPartialCli::test_cli_missing_evidence_exits_error
tests/unit/test_ops_partial_bar_repair.py::TestSkippedStillOpen::test_a_still_open_weekly_bar_skipped_no_live_fetch
tests/unit/test_ops_partial_bar_repair.py::TestSkippedStillOpen::test_b_after_close_plus_skew_processed_normally
tests/unit/test_ops_partial_bar_repair.py::TestSkippedStillOpen::test_c_close_within_skew_window_before_now_is_still_open
tests/unit/test_ops_partial_bar_repair.py::TestSkippedStillOpen::test_d_apply_skipped_row_writes_nothing
tests/unit/test_ops_partial_bar_repair.py::TestSkippedStillOpen::test_e_mixed_run_counts_and_json_round_trip
tests/unit/test_ops_partial_bar_repair.py::TestSkippedStillOpen::test_f_cli_summary_skipped_and_exit_ready_when_only_skipped
tests/unit/test_ops_telegram_gateway.py::TestNormalisation::test_plain_mapping_message
tests/unit/test_ops_telegram_gateway.py::TestNormalisation::test_aiogram_shaped_models
tests/unit/test_ops_telegram_gateway.py::TestNormalisation::test_callback_query_is_normalised
tests/unit/test_ops_telegram_gateway.py::TestNormalisation::test_unsupported_shape_is_named
tests/unit/test_ops_telegram_gateway.py::TestNormalisation::test_command_normalisation[/Start@apex_bot-/start]
tests/unit/test_ops_telegram_gateway.py::TestNormalisation::test_command_normalisation[/HELP extra words-/help]
tests/unit/test_ops_telegram_gateway.py::TestNormalisation::test_command_normalisation[Continuous   ON-continuous on]
tests/unit/test_ops_telegram_gateway.py::TestNormalisation::test_command_normalisation[  progress -progress]
tests/unit/test_ops_telegram_gateway.py::TestNormalisation::test_command_normalisation[-]
tests/unit/test_ops_telegram_gateway.py::TestNormalisation::test_screen_rendering_is_tolerant
tests/unit/test_ops_telegram_gateway.py::TestRouting::test_start_goes_to_the_control_plane_and_replies
tests/unit/test_ops_telegram_gateway.py::TestRouting::test_bearer_words_are_owner_only
tests/unit/test_ops_telegram_gateway.py::TestRouting::test_owner_word_reaches_the_runner
tests/unit/test_ops_telegram_gateway.py::TestRouting::test_all_eight_w8_2_words_route
tests/unit/test_ops_telegram_gateway.py::TestRouting::test_unwired_handler_is_refused_never_faked
tests/unit/test_ops_telegram_gateway.py::TestRouting::test_panic_lock_blocks_bearer_commands
tests/unit/test_ops_telegram_gateway.py::TestRouting::test_update_id_replay_is_not_re_executed
tests/unit/test_ops_telegram_gateway.py::TestRouting::test_unknown_command_lists_the_supported_set
tests/unit/test_ops_telegram_gateway.py::TestRouting::test_unsupported_update_is_reported_not_guessed
tests/unit/test_ops_telegram_gateway.py::TestRouting::test_reply_without_a_notifier_is_recorded
tests/unit/test_ops_telegram_gateway.py::TestPolling::test_offset_advances_past_the_last_update
tests/unit/test_ops_telegram_gateway.py::TestPolling::test_poll_failure_is_contained_and_counted
tests/unit/test_ops_telegram_gateway.py::TestPolling::test_run_loop_stops_on_request
tests/unit/test_ops_telegram_gateway.py::TestPolling::test_run_loop_backs_off_on_failure
tests/unit/test_ops_telegram_gateway.py::TestPolling::test_run_without_a_source_is_refused
tests/unit/test_ops_telegram_gateway.py::TestPolling::test_aiogram_source_requires_the_env_token
tests/unit/test_ops_telegram_gateway.py::TestPolling::test_aiogram_source_normalises_a_fake_bot
tests/unit/test_ops_telegram_gateway.py::TestPolling::test_aclose_closes_the_source
tests/unit/test_ops_watchdog.py::TestConstants::test_heartbeat_cadence
tests/unit/test_ops_watchdog.py::TestConstants::test_timeout_rows
tests/unit/test_ops_watchdog.py::TestConstants::test_gmail_is_critical_only
tests/unit/test_ops_watchdog.py::TestConstants::test_summary_adds_no_environment_name
tests/unit/test_ops_watchdog.py::TestConstants::test_recovery_migration_is_m204
tests/unit/test_ops_watchdog.py::TestSendOnlyGmailChannel::test_host_down_critical_is_accepted
tests/unit/test_ops_watchdog.py::TestSendOnlyGmailChannel::test_non_critical_severity_is_refused
tests/unit/test_ops_watchdog.py::TestSendOnlyGmailChannel::test_non_independent_alerts_never_travel_on_gmail[HEARTBEAT]
tests/unit/test_ops_watchdog.py::TestSendOnlyGmailChannel::test_non_independent_alerts_never_travel_on_gmail[STORAGE]
tests/unit/test_ops_watchdog.py::TestSendOnlyGmailChannel::test_non_independent_alerts_never_travel_on_gmail[VETO]
tests/unit/test_ops_watchdog.py::TestSendOnlyGmailChannel::test_non_independent_alerts_never_travel_on_gmail[STALE_DATA]
tests/unit/test_ops_watchdog.py::TestSendOnlyGmailChannel::test_non_independent_alerts_never_travel_on_gmail[DRAWDOWN]
tests/unit/test_ops_watchdog.py::TestSendOnlyGmailChannel::test_absent_credential_fails_closed_without_inventing_one
tests/unit/test_ops_watchdog.py::TestSendOnlyGmailChannel::test_channel_exposes_no_read_capability
tests/unit/test_ops_watchdog.py::TestSendOnlyGmailChannel::test_custom_transport_receives_the_injected_credential
tests/unit/test_ops_watchdog.py::TestRecoveryLog::test_append_only_chain_is_intact
tests/unit/test_ops_watchdog.py::TestRecoveryLog::test_ids_are_content_hashes
tests/unit/test_ops_watchdog.py::TestRecoveryLog::test_tampering_breaks_the_chain
tests/unit/test_ops_watchdog.py::TestRecoveryLog::test_durable_rows_survive_reopen
tests/unit/test_ops_watchdog.py::TestFailClosedDrive::test_protective_orders_are_preserved_and_entries_cancelled
tests/unit/test_ops_watchdog.py::TestFailClosedDrive::test_log_fields_carry_reason_snapshot_and_state
tests/unit/test_ops_watchdog.py::TestFailClosedDrive::test_normal_state_timeout_is_60s
tests/unit/test_ops_watchdog.py::TestFailClosedDrive::test_recovery_state_timeout_is_300s
tests/unit/test_ops_watchdog.py::TestFailClosedDrive::test_fail_closed_state_has_no_timeout_row
tests/unit/test_ops_watchdog.py::TestFailClosedDrive::test_unknown_state_refused
tests/unit/test_ops_watchdog.py::TestWatchdogHeartbeat::test_three_missed_heartbeats_raise_host_down
tests/unit/test_ops_watchdog.py::TestWatchdogHeartbeat::test_two_missed_heartbeats_stay_quiet
tests/unit/test_ops_watchdog.py::TestWatchdogHeartbeat::test_a_new_heartbeat_resets_the_counter
tests/unit/test_ops_watchdog.py::TestWatchdogHeartbeat::test_no_heartbeat_yet_never_escalates
tests/unit/test_ops_watchdog.py::TestWatchdogHeartbeat::test_host_down_travels_on_the_independent_channel_first
tests/unit/test_ops_watchdog.py::TestWatchdogHeartbeat::test_missing_independent_channel_is_recorded_not_faked
tests/unit/test_ops_watchdog.py::TestWatchdogHeartbeat::test_credential_less_channel_fails_closed_visibly
tests/unit/test_ops_watchdog.py::TestWatchdogHeartbeat::test_history_records_every_pass
tests/unit/test_ops_watchdog.py::TestWatchdogHeartbeat::test_interval_and_limit_are_configurable_by_construction
tests/unit/test_ops_watchdog.py::TestWatchdogStates::test_enter_fail_closed_sets_state_and_alerts
tests/unit/test_ops_watchdog.py::TestWatchdogStates::test_resolve_to_recovery_requires_reconciliation
tests/unit/test_ops_watchdog.py::TestWatchdogStates::test_resolve_to_a_bogus_state_is_refused
tests/unit/test_ops_watchdog.py::TestWatchdogStates::test_manual_override_is_a_recorded_transition
tests/unit/test_pattern_detect.py::TestGoldenFixtures::test_gf_sc_01_exists_and_matches_the_locked_shape
tests/unit/test_pattern_detect.py::TestGoldenFixtures::test_gf_sc_01_expected_values_re_derive_and_fire
tests/unit/test_pattern_detect.py::TestGoldenFixtures::test_gf_sc_01_hash_lock
tests/unit/test_pattern_detect.py::TestGoldenFixtures::test_gf_sc_02_shape_re_derivation_and_fire
tests/unit/test_pattern_detect.py::TestGoldenFixtures::test_negative_control_no_recovery_no_spring
tests/unit/test_pattern_detect.py::TestGoldenFixtures::test_gf_sc_03_12_are_schema_only_wave_out[3]
tests/unit/test_pattern_detect.py::TestGoldenFixtures::test_gf_sc_03_12_are_schema_only_wave_out[4]
tests/unit/test_pattern_detect.py::TestGoldenFixtures::test_gf_sc_03_12_are_schema_only_wave_out[5]
tests/unit/test_pattern_detect.py::TestGoldenFixtures::test_gf_sc_03_12_are_schema_only_wave_out[6]
tests/unit/test_pattern_detect.py::TestGoldenFixtures::test_gf_sc_03_12_are_schema_only_wave_out[7]
tests/unit/test_pattern_detect.py::TestGoldenFixtures::test_gf_sc_03_12_are_schema_only_wave_out[8]
tests/unit/test_pattern_detect.py::TestGoldenFixtures::test_gf_sc_03_12_are_schema_only_wave_out[9]
tests/unit/test_pattern_detect.py::TestGoldenFixtures::test_gf_sc_03_12_are_schema_only_wave_out[10]
tests/unit/test_pattern_detect.py::TestGoldenFixtures::test_gf_sc_03_12_are_schema_only_wave_out[11]
tests/unit/test_pattern_detect.py::TestGoldenFixtures::test_gf_sc_03_12_are_schema_only_wave_out[12]
tests/unit/test_pattern_detect.py::TestGoldenFixtures::test_fixture_bars_are_closed_and_in_order
tests/unit/test_pattern_detect.py::TestWyckoffDelegation::test_spring_hit_carries_row_level_evidence
tests/unit/test_pattern_detect.py::TestWyckoffDelegation::test_upthrust_hit
tests/unit/test_pattern_detect.py::TestWyckoffDelegation::test_no_e08_no_hit
tests/unit/test_pattern_detect.py::TestCatalogueGovernance::test_exactly_twenty_rows_in_document_order
tests/unit/test_pattern_detect.py::TestCatalogueGovernance::test_three_harmonics_are_research_only
tests/unit/test_pattern_detect.py::TestCatalogueGovernance::test_research_only_entity_cannot_carry_scoring
tests/unit/test_pattern_detect.py::TestCatalogueGovernance::test_research_only_never_enters_the_permission_path
tests/unit/test_pattern_detect.py::TestCatalogueGovernance::test_advisory_active_rows_are_still_not_scorable
tests/unit/test_pattern_detect.py::TestCatalogueGovernance::test_pat_der_exclusions_are_recorded
tests/unit/test_pattern_detect.py::TestCatalogueGovernance::test_provenance_classes_are_the_ac1_enum
tests/unit/test_pattern_detect.py::TestCatalogueGovernance::test_legacy_rows_have_no_pat_id_by_narrative_reference
tests/unit/test_pattern_detect.py::TestAC1Entity::test_all_ten_mandatory_fields_required
tests/unit/test_pattern_detect.py::TestAC1Entity::test_orphan_pattern_rejected
tests/unit/test_pattern_detect.py::TestAC1Entity::test_dependency_must_be_a_frozen_engine
tests/unit/test_pattern_detect.py::TestAC1Entity::test_family_outside_medium_scope_rejected
tests/unit/test_pattern_detect.py::TestAC1Entity::test_pattern_evidence_row_materializes_the_ddl_columns
tests/unit/test_pattern_detect.py::TestAC1Entity::test_harmonic_provenance_row_class_is_the_demotion_record
tests/unit/test_pattern_detect.py::TestDetectors::test_double_top_and_bottom
tests/unit/test_pattern_detect.py::TestDetectors::test_double_top_derives_swings_locally_too
tests/unit/test_pattern_detect.py::TestDetectors::test_detectors_require_a_governed_atr
tests/unit/test_pattern_detect.py::TestDetectors::test_malformed_bar_fails_closed
tests/unit/test_pattern_detect.py::TestDetectors::test_head_and_shoulders_and_inverse
tests/unit/test_pattern_detect.py::TestDetectors::test_triangles
tests/unit/test_pattern_detect.py::TestDetectors::test_flag_and_pennant_share_one_detector
tests/unit/test_pattern_detect.py::TestDetectors::test_quasimodo
tests/unit/test_pattern_detect.py::TestDetectors::test_wedges
tests/unit/test_pattern_detect.py::TestDetectors::test_rectangle_and_broadening
tests/unit/test_pattern_detect.py::TestDetectors::test_detect_all_only_runs_admitted_rows
tests/unit/test_pattern_detect.py::TestDetectors::test_no_look_ahead_truncation_is_stable
tests/unit/test_pattern_detect.py::TestDetectors::test_golden_shaped_spring_bars_also_fire_the_detector
tests/unit/test_pattern_detect.py::TestDetectors::test_swing_detection_is_local_and_deterministic
tests/unit/test_pattern_detect.py::TestDetectors::test_invalidation_is_removal_not_permission
tests/unit/test_pattern_detect.py::TestDetectors::test_detector_registry_matches_the_catalogue_rows
tests/unit/test_pattern_detect.py::TestDetectors::test_governed_params_are_bounded_and_unknown_keys_fail
tests/unit/test_pattern_fibonacci.py::TestFrozenLevelLaw::test_level_formula_is_the_frozen_line
tests/unit/test_pattern_fibonacci.py::TestFrozenLevelLaw::test_non_finite_and_degenerate_inputs_fail_closed
tests/unit/test_pattern_fibonacci.py::TestFrozenLevelLaw::test_retracement_ladder_is_within_the_leg
tests/unit/test_pattern_fibonacci.py::TestFrozenLevelLaw::test_projection_uses_the_frozen_formula_directly
tests/unit/test_pattern_fibonacci.py::TestFrozenLevelLaw::test_extensions_lie_beyond_b
tests/unit/test_pattern_fibonacci.py::TestFrozenLevelLaw::test_down_leg_extensions_go_down
tests/unit/test_pattern_fibonacci.py::TestFrozenLevelLaw::test_expansion_uses_the_ab_leg_from_c
tests/unit/test_pattern_fibonacci.py::TestFrozenLevelLaw::test_ladder_records_are_typed_and_serializable
tests/unit/test_pattern_fibonacci.py::TestConfluence::test_levels_within_tolerance_cluster
tests/unit/test_pattern_fibonacci.py::TestConfluence::test_isolated_levels_are_not_a_confluence
tests/unit/test_pattern_fibonacci.py::TestConfluence::test_nan_level_fails_closed
tests/unit/test_pattern_fibonacci.py::TestConfluence::test_missing_atr_fails_closed
tests/unit/test_pattern_fibonacci.py::TestOteAndHarmonics::test_ote_band_numbers_match_the_frozen_law
tests/unit/test_pattern_fibonacci.py::TestOteAndHarmonics::test_harmonic_prz_records_the_tolerance_never_perfection
tests/unit/test_pattern_fibonacci.py::TestOteAndHarmonics::test_golden_ratio_identities_are_the_documented_ones
tests/unit/test_pattern_fibonacci.py::TestOteAndHarmonics::test_params_are_bounded_and_unknown_keys_fail
tests/unit/test_pattern_fibonacci.py::TestNoNetworkSeam::test_no_transport_imports_anywhere_in_the_package
tests/unit/test_pattern_fibonacci.py::TestNoNetworkSeam::test_no_url_literals
tests/unit/test_pattern_fibonacci.py::TestNoNetworkSeam::test_module_is_pure_arithmetic
tests/unit/test_plan_bridge.py::test_missing_required_component_is_recorded_not_fail_closed
tests/unit/test_plan_bridge.py::test_non_paper_environment_is_a_named_refusal
tests/unit/test_plan_bridge.py::test_raw_store_without_governed_context_never_mints_a_plan
tests/unit/test_plan_bridge.py::test_reduced_evidence_row_is_not_promoted_to_active
tests/unit/test_plan_bridge.py::test_full_e11_state_label_projection_preserves_payload_and_legacy_source
tests/unit/test_plan_bridge.py::test_regime_label_projection_never_stringifies_missing_or_invalid_state
tests/unit/test_playbook_pb_fvg_sweep_rev_a.py::TestAE1Template::test_template_is_the_sixteen_fields_verbatim
tests/unit/test_playbook_pb_fvg_sweep_rev_a.py::TestAE1Template::test_instantiated_record_has_exactly_the_sixteen_fields
tests/unit/test_playbook_pb_fvg_sweep_rev_a.py::TestAE1Template::test_missing_field_fails_closed
tests/unit/test_playbook_pb_fvg_sweep_rev_a.py::TestAE1Template::test_invented_field_fails_closed
tests/unit/test_playbook_pb_fvg_sweep_rev_a.py::TestAE1Template::test_parent_must_be_the_registered_family
tests/unit/test_playbook_pb_fvg_sweep_rev_a.py::TestAE1Template::test_no_hardcoded_constant_outside_governance_bounds
tests/unit/test_playbook_pb_fvg_sweep_rev_a.py::TestAE1Template::test_failure_modes_map_onto_the_precedence_items
tests/unit/test_playbook_pb_fvg_sweep_rev_a.py::TestAE1Template::test_extra_playbook_is_wave_out
tests/unit/test_playbook_pb_fvg_sweep_rev_a.py::TestLifecycleAE2::test_five_states_and_forward_edges
tests/unit/test_playbook_pb_fvg_sweep_rev_a.py::TestLifecycleAE2::test_illegal_moves_are_refused
tests/unit/test_playbook_pb_fvg_sweep_rev_a.py::TestLifecycleAE2::test_active_is_not_self_service
tests/unit/test_playbook_pb_fvg_sweep_rev_a.py::TestLifecycleAE2::test_deprecation_needs_the_owner
tests/unit/test_playbook_pb_fvg_sweep_rev_a.py::TestExitPrecedence::test_nothing_fired
tests/unit/test_playbook_pb_fvg_sweep_rev_a.py::TestExitPrecedence::test_single_fire_uses_its_own_reason[1]
tests/unit/test_playbook_pb_fvg_sweep_rev_a.py::TestExitPrecedence::test_single_fire_uses_its_own_reason[2]
tests/unit/test_playbook_pb_fvg_sweep_rev_a.py::TestExitPrecedence::test_single_fire_uses_its_own_reason[3]
tests/unit/test_playbook_pb_fvg_sweep_rev_a.py::TestExitPrecedence::test_single_fire_uses_its_own_reason[4]
tests/unit/test_playbook_pb_fvg_sweep_rev_a.py::TestExitPrecedence::test_single_fire_uses_its_own_reason[5]
tests/unit/test_playbook_pb_fvg_sweep_rev_a.py::TestExitPrecedence::test_every_combination_resolves_to_the_lowest_item
tests/unit/test_playbook_pb_fvg_sweep_rev_a.py::TestExitPrecedence::test_data_invalid_beats_everything_with_market_close
tests/unit/test_playbook_pb_fvg_sweep_rev_a.py::TestExitPrecedence::test_stop_price_is_used_for_a_stop_exit_and_target_for_a_target_exit
tests/unit/test_playbook_pb_fvg_sweep_rev_a.py::TestExitPrecedence::test_be_and_trailing_are_not_exit_conditions
tests/unit/test_playbook_pb_fvg_sweep_rev_a.py::TestStopsAndTargets::test_long_stop_formula_verbatim
tests/unit/test_playbook_pb_fvg_sweep_rev_a.py::TestStopsAndTargets::test_short_stop_formula_verbatim
tests/unit/test_playbook_pb_fvg_sweep_rev_a.py::TestStopsAndTargets::test_missing_fvg_side_uses_the_sweep_extreme_alone
tests/unit/test_playbook_pb_fvg_sweep_rev_a.py::TestStopsAndTargets::test_fail_closed_inputs
tests/unit/test_playbook_pb_fvg_sweep_rev_a.py::TestStopsAndTargets::test_anomaly_flatten_sequence_never_forbidden_order_types
tests/unit/test_playbook_pb_fvg_sweep_rev_a.py::TestBreakevenTrailingTimeStop::test_activation_threshold_is_exact
tests/unit/test_playbook_pb_fvg_sweep_rev_a.py::TestBreakevenTrailingTimeStop::test_buffer_makes_breakeven_real
tests/unit/test_playbook_pb_fvg_sweep_rev_a.py::TestBreakevenTrailingTimeStop::test_short_mirror
tests/unit/test_playbook_pb_fvg_sweep_rev_a.py::TestBreakevenTrailingTimeStop::test_zero_risk_unit_fails_closed
tests/unit/test_playbook_pb_fvg_sweep_rev_a.py::TestBreakevenTrailingTimeStop::test_be_factor_bootstrap_table_and_bounds
tests/unit/test_playbook_pb_fvg_sweep_rev_a.py::TestBreakevenTrailingTimeStop::test_trail_activation_and_extreme_disable
tests/unit/test_playbook_pb_fvg_sweep_rev_a.py::TestBreakevenTrailingTimeStop::test_trail_never_widens_and_follows_price_up
tests/unit/test_playbook_pb_fvg_sweep_rev_a.py::TestBreakevenTrailingTimeStop::test_time_stop_is_a_hard_ceiling_on_closed_candles
tests/unit/test_playbook_pb_fvg_sweep_rev_a.py::TestPositionScaling::test_pyramiding_is_disabled
tests/unit/test_playbook_pb_fvg_sweep_rev_a.py::TestPositionScaling::test_partial_exit_reduces_quantity_and_risk_proportionally
tests/unit/test_playbook_pb_fvg_sweep_rev_a.py::TestPositionScaling::test_stop_is_never_widened_by_a_partial_exit
tests/unit/test_playbook_pb_fvg_sweep_rev_a.py::TestPositionScaling::test_ladder_validation
tests/unit/test_playbook_pb_fvg_sweep_rev_a.py::TestAttributionAndInstantiatedNumbers::test_record_fields_are_the_x4_attribution_set
tests/unit/test_playbook_pb_fvg_sweep_rev_a.py::TestAttributionAndInstantiatedNumbers::test_instantiated_params_are_the_frozen_literals
tests/unit/test_playbook_pb_fvg_sweep_rev_a.py::TestAttributionAndInstantiatedNumbers::test_determinism
tests/unit/test_quality.py::TestVector21::test_q_raw_on_clean_observation
tests/unit/test_quality.py::TestVector21::test_q_raw_partial_values
tests/unit/test_quality.py::TestVector21::test_gates_quarantine
tests/unit/test_quality.py::TestVector21::test_flags_gates
tests/unit/test_quality.py::TestVector21::test_q_min_quarantine
tests/unit/test_quality.py::TestVector21::test_q_oi_states
tests/unit/test_quality.py::TestVector21::test_q_window_minimum_veto
tests/unit/test_quality.py::TestVector21::test_q_window_weighted_score
tests/unit/test_quality.py::TestVector21::test_q_window_empty
tests/unit/test_quality.py::TestVector21::test_derived_measures
tests/unit/test_quality.py::TestVector21::test_weights_from_params_only
tests/unit/test_quality.py::TestNumerical22::test_two_tier_epsilon_frozen
tests/unit/test_quality.py::TestNumerical22::test_engine_eps_table_frozen
tests/unit/test_quality.py::TestNumerical22::test_precision_table_frozen
tests/unit/test_quality.py::TestNumerical22::test_quantize_round_half_up
tests/unit/test_quality.py::TestNumerical22::test_division_guards
tests/unit/test_quality.py::TestNumerical22::test_numerical_contract_example
tests/unit/test_quality.py::TestNumerical22::test_h_lt_l_quarantined
tests/unit/test_quality.py::TestNumerical22::test_doji_range_guarded
tests/unit/test_quality.py::TestNumerical22::test_core_formulas
tests/unit/test_quality.py::TestPit23::test_as_of_max_availability
tests/unit/test_quality.py::TestPit23::test_missing_availability_fail_closed
tests/unit/test_quality.py::TestPit23::test_insufficient_bars
tests/unit/test_quality.py::TestPit23::test_mtf_states
tests/unit/test_quality.py::TestPit23::test_closed_only
tests/unit/test_quality.py::TestPit23::test_deterministic_snapshot_id
tests/unit/test_quality.py::TestPit23::test_tf_duration_table
tests/unit/test_research_backtest.py::TestMetrics::test_sharpe_matches_hand_computation
tests/unit/test_research_backtest.py::TestMetrics::test_sharpe_zero_variance_fails_closed
tests/unit/test_research_backtest.py::TestMetrics::test_profit_factor
tests/unit/test_research_backtest.py::TestMetrics::test_profit_factor_infinite_without_losses
tests/unit/test_research_backtest.py::TestMetrics::test_profit_factor_no_pnl_fails_closed
tests/unit/test_research_backtest.py::TestMetrics::test_max_drawdown_compounds
tests/unit/test_research_backtest.py::TestMetrics::test_expectancy_is_mean_r
tests/unit/test_research_backtest.py::TestMetrics::test_metrics_from_trades_counts_cost_adjusted_wins
tests/unit/test_research_backtest.py::TestMetrics::test_empty_sample_fails_closed
tests/unit/test_research_backtest.py::TestDeflatedSharpe::test_dsr_discounts_for_trials
tests/unit/test_research_backtest.py::TestDeflatedSharpe::test_zero_trial_variance_fails_closed
tests/unit/test_research_backtest.py::TestDeflatedSharpe::test_norm_ppf_round_trip
tests/unit/test_research_backtest.py::TestWalkForward::test_split_is_70_30
tests/unit/test_research_backtest.py::TestWalkForward::test_oos_window_carved_out
tests/unit/test_research_backtest.py::TestWalkForward::test_invalid_fraction_refused
tests/unit/test_research_backtest.py::TestWalkForward::test_too_short_sample_refused
tests/unit/test_research_backtest.py::TestWalkForward::test_promotion_requires_all_three_criteria
tests/unit/test_research_backtest.py::TestWalkForward::test_missing_sharpe_fails_closed
tests/unit/test_research_backtest.py::TestMonteCarlo::test_deterministic_for_a_seed
tests/unit/test_research_backtest.py::TestMonteCarlo::test_seed_changes_the_result
tests/unit/test_research_backtest.py::TestMonteCarlo::test_percentile_ordering
tests/unit/test_research_backtest.py::TestMonteCarlo::test_cvar_is_the_left_tail
tests/unit/test_research_backtest.py::TestStressBattery::test_seven_scenarios_execute
tests/unit/test_research_backtest.py::TestStressBattery::test_crash_scenario_is_a_real_transform
tests/unit/test_research_backtest.py::TestStressBattery::test_volume_scenario_scales_by_a_tenth
tests/unit/test_research_backtest.py::TestStressBattery::test_unknown_scenario_refused
tests/unit/test_research_backtest.py::TestBacktestEngine::test_pit_window_never_exposes_the_future
tests/unit/test_research_backtest.py::TestBacktestEngine::test_entry_fills_at_next_bar_open
tests/unit/test_research_backtest.py::TestBacktestEngine::test_exit_precedence_stop_wins_over_target
tests/unit/test_research_backtest.py::TestBacktestEngine::test_time_stop_closes_at_the_horizon
tests/unit/test_research_backtest.py::TestBacktestEngine::test_costs_reduce_the_r_multiple
tests/unit/test_research_backtest.py::TestBacktestEngine::test_slippage_fn_is_injected
tests/unit/test_research_backtest.py::TestBacktestEngine::test_invalid_direction_refused
tests/unit/test_research_backtest.py::TestBacktestEngine::test_short_direction_is_supported
tests/unit/test_research_backtest.py::TestBacktestEngine::test_run_with_metrics_attaches_the_metric_block
tests/unit/test_research_backtest.py::TestBenchmark::test_buy_and_hold_net_of_fees
tests/unit/test_research_backtest.py::TestBenchmark::test_outperformance_requires_significance
tests/unit/test_research_backtest.py::TestDeterminism::test_double_run_is_byte_identical
tests/unit/test_research_backtest.py::TestDeterminism::test_double_run_flags_nondeterminism
tests/unit/test_research_bootstrap.py::TestHardwarePreflight::test_low_disk_pauses_before_anything_else
tests/unit/test_research_bootstrap.py::TestHardwarePreflight::test_disk_floor_is_exactly_512
tests/unit/test_research_bootstrap.py::TestHardwarePreflight::test_absent_battery_api_never_skips
tests/unit/test_research_bootstrap.py::TestHardwarePreflight::test_unplugged_below_15_pct_skips_a_nightly_run
tests/unit/test_research_bootstrap.py::TestHardwarePreflight::test_unplugged_above_15_pct_runs
tests/unit/test_research_bootstrap.py::TestHardwarePreflight::test_charging_below_15_pct_still_runs
tests/unit/test_research_bootstrap.py::TestHardwarePreflight::test_continuous_unplugged_below_5_pct_pauses
tests/unit/test_research_bootstrap.py::TestHardwarePreflight::test_continuous_unplugged_between_5_and_15_runs
tests/unit/test_research_bootstrap.py::TestHardwarePreflight::test_percentage_given_as_fraction
tests/unit/test_research_bootstrap.py::TestHardwarePreflight::test_percentage_absent_never_skips
tests/unit/test_research_bootstrap.py::TestHardwarePreflight::test_parse_battery_json
tests/unit/test_research_bootstrap.py::TestHardwarePreflight::test_parse_battery_json_fails_soft_to_none[None]
tests/unit/test_research_bootstrap.py::TestHardwarePreflight::test_parse_battery_json_fails_soft_to_none[]
tests/unit/test_research_bootstrap.py::TestHardwarePreflight::test_parse_battery_json_fails_soft_to_none[not json]
tests/unit/test_research_bootstrap.py::TestHardwarePreflight::test_parse_battery_json_fails_soft_to_none[{}]
tests/unit/test_research_bootstrap.py::TestHardwarePreflight::test_parse_battery_json_fails_soft_to_none["x"]
tests/unit/test_research_bootstrap.py::TestHardwarePreflight::test_parse_battery_json_fails_soft_to_none[[1]]
tests/unit/test_research_bootstrap.py::TestCommands::test_exactly_the_eight_owner_commands
tests/unit/test_research_bootstrap.py::TestCommands::test_unknown_command_refused
tests/unit/test_research_bootstrap.py::TestCommands::test_start_pause_resume_cycle
tests/unit/test_research_bootstrap.py::TestCommands::test_resume_before_start_refused
tests/unit/test_research_bootstrap.py::TestCommands::test_stop_is_terminal
tests/unit/test_research_bootstrap.py::TestCommands::test_continuous_mode_toggle
tests/unit/test_research_bootstrap.py::TestCommands::test_progress_and_eta_answer_without_running
tests/unit/test_research_bootstrap.py::TestCommands::test_pause_recheck_flag_after_24_hours
tests/unit/test_research_bootstrap.py::TestCommands::test_no_cells_refused
tests/unit/test_research_bootstrap.py::TestPhase1::test_phase1_walks_every_cell_and_completes
tests/unit/test_research_bootstrap.py::TestPhase1::test_rate_limit_backs_off_and_never_skips
tests/unit/test_research_bootstrap.py::TestPhase1::test_cursor_never_rewinds_on_rerun
tests/unit/test_research_bootstrap.py::TestPhase1::test_pause_stops_after_the_current_page_and_keeps_sqlite
tests/unit/test_research_bootstrap.py::TestPhase1::test_failed_verification_marks_the_cell_skipped
tests/unit/test_research_bootstrap.py::TestPhase1::test_disk_pause_is_honoured_before_paging
tests/unit/test_research_bootstrap.py::TestPhase1::test_battery_skip_is_honoured
tests/unit/test_research_bootstrap.py::TestPhase1::test_non_advancing_cursor_is_a_failure_not_a_loop
tests/unit/test_research_bootstrap.py::TestPhase1::test_timeframe_table_has_the_fourteen_frozen_timeframes
tests/unit/test_research_bootstrap.py::TestPhase1::test_deep_start_is_2020_01_01
tests/unit/test_research_bootstrap.py::TestPhase2Phase3::test_deterministic_replay_activates_defaults
tests/unit/test_research_bootstrap.py::TestPhase2Phase3::test_non_deterministic_replay_is_a_critical_failure
tests/unit/test_research_bootstrap.py::TestPhase2Phase3::test_replay_is_mandatory
tests/unit/test_research_bootstrap.py::TestPhase2Phase3::test_phase3_hands_off_to_the_optimizer
tests/unit/test_research_bootstrap.py::TestPhase2Phase3::test_progress_counts_completed_cells_from_the_store
tests/unit/test_research_bootstrap.py::TestPhase2Phase3::test_eta_needs_a_measurement
tests/unit/test_research_checkpoints.py::TestSchema::test_three_additive_migrations
tests/unit/test_research_checkpoints.py::TestSchema::test_tables_exist_after_open
tests/unit/test_research_checkpoints.py::TestSchema::test_wal_journal_mode
tests/unit/test_research_checkpoints.py::TestSchema::test_applied_migrations_are_reported
tests/unit/test_research_checkpoints.py::TestSchema::test_phase_check_constraint_is_in_the_ddl
tests/unit/test_research_checkpoints.py::TestSchema::test_status_check_constraint_is_in_the_ddl
tests/unit/test_research_checkpoints.py::TestSchema::test_use_before_open_fails_closed
tests/unit/test_research_checkpoints.py::TestSchema::test_bad_phase_refused
tests/unit/test_research_checkpoints.py::TestSchema::test_bad_optimizer_refused
tests/unit/test_research_checkpoints.py::TestBootstrapCursor::test_round_trip
tests/unit/test_research_checkpoints.py::TestBootstrapCursor::test_missing_cell_returns_none
tests/unit/test_research_checkpoints.py::TestBootstrapCursor::test_resume_never_rewinds_the_cursor
tests/unit/test_research_checkpoints.py::TestBootstrapCursor::test_incomplete_cells_exclude_complete_and_skipped
tests/unit/test_research_checkpoints.py::TestBootstrapCursor::test_rows_are_ordered_by_cell
tests/unit/test_research_checkpoints.py::TestOptimizerCheckpoint::test_two_optimizers_are_kept_apart
tests/unit/test_research_checkpoints.py::TestOptimizerCheckpoint::test_same_pair_upserts
tests/unit/test_research_checkpoints.py::TestOptimizerCheckpoint::test_run_filter
tests/unit/test_research_checkpoints.py::TestOptimizerCheckpoint::test_live_workload_halt_is_a_legal_state
tests/unit/test_research_checkpoints.py::TestMonitorLog::test_verdict_is_durable_and_hashed_on_disk
tests/unit/test_research_checkpoints.py::TestMonitorLog::test_reopening_the_store_sees_the_rows
tests/unit/test_research_governance.py::TestRegistry::test_four_classes
tests/unit/test_research_governance.py::TestRegistry::test_governed_default_table_is_34_rows
tests/unit/test_research_governance.py::TestRegistry::test_every_row_has_a_home
tests/unit/test_research_governance.py::TestRegistry::test_classes_assigned_per_blueprint
tests/unit/test_research_governance.py::TestRegistry::test_unknown_parameter_fails_closed
tests/unit/test_research_governance.py::TestRegistry::test_resolution_tiers
tests/unit/test_research_governance.py::TestRegistry::test_yaml_backed_values_match_or_are_recorded
tests/unit/test_research_governance.py::TestConstrainedUpdate::test_projection_operator
tests/unit/test_research_governance.py::TestConstrainedUpdate::test_inverted_bounds_refused
tests/unit/test_research_governance.py::TestConstrainedUpdate::test_constrained_update_clamps_and_reports
tests/unit/test_research_governance.py::TestConstrainedUpdate::test_constrained_update_within_bounds_is_exact
tests/unit/test_research_governance.py::TestConstrainedUpdate::test_owner_bounds_are_tighter
tests/unit/test_research_governance.py::TestConstrainedUpdate::test_current_out_of_bounds_fails_closed
tests/unit/test_research_governance.py::TestConstrainedUpdate::test_non_finite_delta_refused
tests/unit/test_research_governance.py::TestChangeProposal::test_complete_proposal_is_approved
tests/unit/test_research_governance.py::TestChangeProposal::test_every_item_is_mandatory[reason]
tests/unit/test_research_governance.py::TestChangeProposal::test_every_item_is_mandatory[pit_backtest_180d]
tests/unit/test_research_governance.py::TestChangeProposal::test_every_item_is_mandatory[forward_observation_30d]
tests/unit/test_research_governance.py::TestChangeProposal::test_every_item_is_mandatory[out_of_sample_evaluation]
tests/unit/test_research_governance.py::TestChangeProposal::test_every_item_is_mandatory[parameter_board_approval]
tests/unit/test_research_governance.py::TestChangeProposal::test_short_backtest_window_is_rejected
tests/unit/test_research_governance.py::TestChangeProposal::test_short_forward_observation_is_rejected
tests/unit/test_research_governance.py::TestECRegister::test_open_entry_has_no_active_value
tests/unit/test_research_governance.py::TestECRegister::test_approved_entry_exposes_its_value
tests/unit/test_research_governance.py::TestECRegister::test_missing_fields_fail_closed
tests/unit/test_research_governance.py::TestECRegister::test_invalid_status_refused
tests/unit/test_research_governance.py::TestECRegister::test_absent_entry_refused
tests/unit/test_research_governance.py::TestSensitivity::test_removal_candidate_below_threshold
tests/unit/test_research_governance.py::TestSensitivity::test_not_a_candidate_above_threshold
tests/unit/test_research_governance.py::TestSensitivity::test_zero_total_refused
tests/unit/test_research_governance.py::TestRedLine::test_clean_package_validates
tests/unit/test_research_governance.py::TestRedLine::test_all_fourteen_veto_names_are_forbidden
tests/unit/test_research_governance.py::TestRedLine::test_owner_static_fields_are_rejected
tests/unit/test_research_governance.py::TestRedLine::test_margin_thresholds_are_immutable
tests/unit/test_research_governance.py::TestRedLine::test_out_of_bounds_value_is_rejected
tests/unit/test_research_governance.py::TestRedLine::test_incomplete_proposal_blocks_the_package
tests/unit/test_research_governance.py::TestRedLine::test_complete_proposal_unblocks
tests/unit/test_research_governance.py::TestRedLine::test_absent_proposal_for_a_changed_value_is_rejected
tests/unit/test_research_governance.py::TestRedLine::test_code_revision_must_be_git40
tests/unit/test_research_governance.py::TestRedLine::test_version_format_enforced
tests/unit/test_research_governance.py::TestRedLine::test_package_environment_cannot_be_live
tests/unit/test_research_governance.py::TestLiveParamsWriteForbidden::test_live_params_target_is_refused
tests/unit/test_research_governance.py::TestLiveParamsWriteForbidden::test_directory_traversal_into_params_is_refused
tests/unit/test_research_governance.py::TestLiveParamsWriteForbidden::test_default_research_root_is_the_suggestions_dir
tests/unit/test_research_governance.py::TestLiveParamsWriteForbidden::test_target_outside_research_is_refused
tests/unit/test_research_governance.py::TestLiveParamsWriteForbidden::test_frozen_params_files_are_untouched_by_this_suite
tests/unit/test_research_governance.py::TestInjectionLedger::test_first_injection_writes_a_suggestion
tests/unit/test_research_governance.py::TestInjectionLedger::test_reinjection_is_a_no_op_t_pkg_001
tests/unit/test_research_governance.py::TestInjectionLedger::test_injection_into_params_is_refused
tests/unit/test_research_governance.py::TestInjectionLedger::test_idempotency_survives_a_process_restart
tests/unit/test_research_optimizer.py::TestScopes::test_scopes_are_disjoint
tests/unit/test_research_optimizer.py::TestScopes::test_signal_scope_is_thresholds_only
tests/unit/test_research_optimizer.py::TestScopes::test_risk_scope_carries_the_nine_execution_parameters
tests/unit/test_research_optimizer.py::TestScopes::test_summary_reports_the_contract
tests/unit/test_research_optimizer.py::TestGrids::test_full_cartesian_product
tests/unit/test_research_optimizer.py::TestGrids::test_step_count_is_inclusive
tests/unit/test_research_optimizer.py::TestGrids::test_single_state_range
tests/unit/test_research_optimizer.py::TestGrids::test_inverted_range_refused
tests/unit/test_research_optimizer.py::TestGrids::test_zero_step_refused
tests/unit/test_research_optimizer.py::TestGrids::test_empty_grid_refused
tests/unit/test_research_optimizer.py::TestGrids::test_duplicate_range_name_refused
tests/unit/test_research_optimizer.py::TestGrids::test_default_mode_is_the_full_grid
tests/unit/test_research_optimizer.py::TestGrids::test_random_search_requires_the_owner_order
tests/unit/test_research_optimizer.py::TestGrids::test_random_search_stays_inside_the_states
tests/unit/test_research_optimizer.py::TestGrids::test_random_search_is_seed_deterministic
tests/unit/test_research_optimizer.py::TestGrids::test_small_domain_never_randomizes_even_with_authorization
tests/unit/test_research_optimizer.py::TestGrids::test_large_domain_randomizes_only_when_authorized
tests/unit/test_research_optimizer.py::TestObjectives::test_feasible_signal_scores_the_deflated_sharpe
tests/unit/test_research_optimizer.py::TestObjectives::test_too_few_trades_is_infeasible
tests/unit/test_research_optimizer.py::TestObjectives::test_not_beating_buy_and_hold_is_infeasible
tests/unit/test_research_optimizer.py::TestObjectives::test_stale_calibration_is_infeasible
tests/unit/test_research_optimizer.py::TestObjectives::test_risk_objective_needs_all_five_regimes
tests/unit/test_research_optimizer.py::TestObjectives::test_missing_regime_is_infeasible_and_named
tests/unit/test_research_optimizer.py::TestObjectives::test_drawdown_breach_is_infeasible
tests/unit/test_research_optimizer.py::TestObjectives::test_partial_leverage_adherence_is_infeasible
tests/unit/test_research_optimizer.py::TestSchedule::test_window_bounds
tests/unit/test_research_optimizer.py::TestSchedule::test_window_wrapping_midnight
tests/unit/test_research_optimizer.py::TestSchedule::test_default_window_comes_from_the_frozen_yaml
tests/unit/test_research_optimizer.py::TestSchedule::test_live_workload_halts_even_inside_the_window
tests/unit/test_research_optimizer.py::TestSchedule::test_outside_window_does_not_run
tests/unit/test_research_optimizer.py::TestSchedule::test_continuous_mode_needs_the_owner_command
tests/unit/test_research_optimizer.py::TestSchedule::test_bad_window_refused
tests/unit/test_research_optimizer.py::TestDualOptimizerRun::test_run_completes_every_cell_and_records_the_best
tests/unit/test_research_optimizer.py::TestDualOptimizerRun::test_cell_without_a_grid_is_left_pending
tests/unit/test_research_optimizer.py::TestDualOptimizerRun::test_sru_hash_is_the_canonical_run_identity
tests/unit/test_research_optimizer.py::TestDualOptimizerRun::test_live_workload_records_halt_and_runs_nothing
tests/unit/test_research_optimizer.py::TestDualOptimizerRun::test_outside_the_window_the_run_pauses
tests/unit/test_research_optimizer.py::TestDualOptimizerRun::test_bad_optimizer_refused
tests/unit/test_research_optimizer.py::TestCheckpointedRun::test_resume_never_rewinds_w8_1
tests/unit/test_research_optimizer.py::TestCheckpointedRun::test_halted_cells_are_recorded_as_paused
tests/unit/test_research_optimizer.py::TestSuggestionOutput::test_suggestion_lands_under_the_research_dir
tests/unit/test_research_optimizer.py::TestSuggestionOutput::test_writing_into_live_params_is_refused
tests/unit/test_research_optimizer.py::TestSuggestionOutput::test_suggestion_hash_is_deterministic
tests/unit/test_research_promotion.py::TestThesisRegistry::test_register_and_read
tests/unit/test_research_promotion.py::TestThesisRegistry::test_id_prefix_enforced
tests/unit/test_research_promotion.py::TestThesisRegistry::test_empty_field_enforced
tests/unit/test_research_promotion.py::TestThesisRegistry::test_duplicate_refused
tests/unit/test_research_promotion.py::TestFamilyPool::test_pool_counts
tests/unit/test_research_promotion.py::TestFamilyPool::test_atr_normalization_is_structural
tests/unit/test_research_promotion.py::TestFamilyPool::test_foreign_family_refused
tests/unit/test_research_promotion.py::TestFamilyPool::test_per_symbol_breakdown
tests/unit/test_research_promotion.py::TestFamilyPool::test_wilson_gate_matches_z8_scenario_a
tests/unit/test_research_promotion.py::TestFamilyPool::test_floor_blocks_even_a_high_rate
tests/unit/test_research_promotion.py::TestFamilyPool::test_pool_at_the_floor_promotes
tests/unit/test_research_promotion.py::TestFamilyPool::test_pool_above_floor_but_below_breakeven_is_blocked
tests/unit/test_research_promotion.py::TestFamilyPool::test_breakeven_range_enforced
tests/unit/test_research_promotion.py::TestShrinkage::test_lambda_formula
tests/unit/test_research_promotion.py::TestShrinkage::test_small_cell_is_pulled_to_the_family_rate
tests/unit/test_research_promotion.py::TestShrinkage::test_large_cell_stays_near_its_own_rate
tests/unit/test_research_promotion.py::TestShrinkage::test_negative_inputs_refused
tests/unit/test_research_promotion.py::TestSPRT::test_rates_must_satisfy_the_hypothesis_order
tests/unit/test_research_promotion.py::TestSPRT::test_good_performance_never_halts
tests/unit/test_research_promotion.py::TestSPRT::test_bad_performance_halts_and_rolls_back
tests/unit/test_research_promotion.py::TestSPRT::test_indecisive_sequence_continues
tests/unit/test_research_promotion.py::TestSPRT::test_likelihood_ratio_moves_in_the_right_direction
tests/unit/test_research_promotion.py::TestSPRT::test_thresholds_are_log_alpha_beta
tests/unit/test_research_promotion.py::TestSPRT::test_live_monitor_halts_and_records
tests/unit/test_research_promotion.py::TestPBO::test_persistent_winner_has_low_pbo
tests/unit/test_research_promotion.py::TestPBO::test_in_sample_only_winner_has_high_pbo
tests/unit/test_research_promotion.py::TestPBO::test_requires_multiple_combinations
tests/unit/test_research_promotion.py::TestPBO::test_ragged_matrix_refused
tests/unit/test_research_promotion.py::TestDeflatedSharpeGate::test_passes_above_threshold
tests/unit/test_research_promotion.py::TestDeflatedSharpeGate::test_fails_below_threshold
tests/unit/test_research_promotion.py::TestDeflatedSharpeGate::test_threshold_outside_the_owner_band_refused
tests/unit/test_research_promotion.py::TestZ8ReDerivation::test_all_bounds_and_decisions_reproduce
tests/unit/test_research_promotion.py::TestZ8ReDerivation::test_scenario_a_numbers
tests/unit/test_research_promotion.py::TestZ8ReDerivation::test_scenario_b_accumulates_then_promotes
tests/unit/test_research_promotion.py::TestZ8ReDerivation::test_the_two_doc_wordings_are_one_state
tests/unit/test_research_promotion.py::TestPromotionDecision::test_all_gates_pass
tests/unit/test_research_promotion.py::TestPromotionDecision::test_each_gate_can_block[wfo-value0]
tests/unit/test_research_promotion.py::TestPromotionDecision::test_each_gate_can_block[pbo-value1]
tests/unit/test_research_promotion.py::TestPromotionDecision::test_each_gate_can_block[deflated_sharpe-value2]
tests/unit/test_research_promotion.py::TestPromotionDecision::test_each_gate_can_block[benchmark-value3]
tests/unit/test_research_promotion.py::TestPromotionDecision::test_missing_benchmark_blocks_z9_1
tests/unit/test_research_promotion.py::TestPromotionDecision::test_family_pool_gate_blocks_a_thin_sample
tests/unit/test_research_promotion.py::TestDraftPackage::test_blocked_candidate_is_refused
tests/unit/test_research_promotion.py::TestDraftPackage::test_promoted_candidate_drafts_a_package
tests/unit/test_research_promotion.py::TestDraftPackage::test_drafted_package_cannot_touch_a_veto
tests/unit/test_research_promotion.py::TestDraftPackage::test_red_line_names_are_the_fourteen_registry_names
tests/unit/test_research_proxies.py::TestRegistry38::test_totals_and_layers
tests/unit/test_research_proxies.py::TestRegistry38::test_ids_are_exactly_the_blueprint_ids
tests/unit/test_research_proxies.py::TestRegistry38::test_every_row_carries_a_disposition
tests/unit/test_research_proxies.py::TestRegistry38::test_l2_and_l3_are_q3_labeled
tests/unit/test_research_proxies.py::TestRegistry38::test_registered_open_concepts_have_no_active_value
tests/unit/test_research_proxies.py::TestRegistry38::test_critical_gap_concepts_are_implemented
tests/unit/test_research_proxies.py::TestRegistry38::test_duplicate_id_is_refused
tests/unit/test_research_proxies.py::TestRejectedSix::test_six_rejections
tests/unit/test_research_proxies.py::TestRejectedSix::test_upgrade_contract_retained
tests/unit/test_research_proxies.py::TestRejectedSix::test_no_rejected_concept_in_the_runtime_tree
tests/unit/test_research_proxies.py::TestRejectedSix::test_probe_tokens_are_really_absent_from_apex
tests/unit/test_research_proxies.py::TestSpreadEstimators::test_corwin_schultz_is_finite_and_labeled
tests/unit/test_research_proxies.py::TestSpreadEstimators::test_corwin_schultz_negative_clamp
tests/unit/test_research_proxies.py::TestSpreadEstimators::test_corwin_schultz_needs_two_bars
tests/unit/test_research_proxies.py::TestSpreadEstimators::test_corwin_schultz_rejects_non_positive_price
tests/unit/test_research_proxies.py::TestSpreadEstimators::test_abdi_ranaldo
tests/unit/test_research_proxies.py::TestSpreadEstimators::test_roll_spread_positive_on_negative_autocovariance
tests/unit/test_research_proxies.py::TestSpreadEstimators::test_roll_spread_clamps_on_positive_autocovariance
tests/unit/test_research_proxies.py::TestSpreadEstimators::test_spread_quality_flag_threshold
tests/unit/test_research_proxies.py::TestTradeFeedProxies::test_obi_proxy_formula
tests/unit/test_research_proxies.py::TestTradeFeedProxies::test_obi_proxy_rejects_zero_volume
tests/unit/test_research_proxies.py::TestTradeFeedProxies::test_taker_pressure_formula
tests/unit/test_research_proxies.py::TestTradeFeedProxies::test_footprint_delta_is_labeled_a_proxy
tests/unit/test_research_proxies.py::TestTradeFeedProxies::test_cvd_accumulates
tests/unit/test_research_proxies.py::TestImpactAndComposite::test_kyle_lambda_positive_slope
tests/unit/test_research_proxies.py::TestImpactAndComposite::test_kyle_lambda_length_mismatch_fails_closed
tests/unit/test_research_proxies.py::TestImpactAndComposite::test_amihud_skips_zero_volume_bars
tests/unit/test_research_proxies.py::TestImpactAndComposite::test_composite_weights_and_sign
tests/unit/test_research_proxies.py::TestImpactAndComposite::test_adaptive_slippage_is_a_weighted_composite
tests/unit/test_research_proxies.py::TestImpactAndComposite::test_liquidation_cascade_requires_all_three_legs
tests/unit/test_research_proxies.py::TestImpactAndComposite::test_information_ratio
tests/unit/test_research_proxies.py::TestWilsonAndAA7::test_wilson_matches_the_z8_scenario_a
tests/unit/test_research_proxies.py::TestWilsonAndAA7::test_wilson_domain_guards
tests/unit/test_research_proxies.py::TestWilsonAndAA7::test_numba_is_not_used
tests/unit/test_research_proxies.py::TestWilsonAndAA7::test_incremental_only_flag
tests/unit/test_risk_kernel.py::TestVetoRegistry::test_exactly_fourteen_named_vetoes_in_order
tests/unit/test_risk_kernel.py::TestVetoRegistry::test_error_codes_are_registry_references_only
tests/unit/test_risk_kernel.py::TestVetoRegistry::test_clean_proposal_fires_nothing
tests/unit/test_risk_kernel.py::TestVetoRegistry::test_boundary_samples_accept_and_reject[1-inside0-outside0]
tests/unit/test_risk_kernel.py::TestVetoRegistry::test_boundary_samples_accept_and_reject[2-inside1-outside1]
tests/unit/test_risk_kernel.py::TestVetoRegistry::test_boundary_samples_accept_and_reject[3-inside2-outside2]
tests/unit/test_risk_kernel.py::TestVetoRegistry::test_boundary_samples_accept_and_reject[4-inside3-outside3]
tests/unit/test_risk_kernel.py::TestVetoRegistry::test_boundary_samples_accept_and_reject[5-inside4-outside4]
tests/unit/test_risk_kernel.py::TestVetoRegistry::test_boundary_samples_accept_and_reject[6-inside5-outside5]
tests/unit/test_risk_kernel.py::TestVetoRegistry::test_boundary_samples_accept_and_reject[7-inside6-outside6]
tests/unit/test_risk_kernel.py::TestVetoRegistry::test_boundary_samples_accept_and_reject[8-inside7-outside7]
tests/unit/test_risk_kernel.py::TestVetoRegistry::test_boundary_samples_accept_and_reject[9-inside8-outside8]
tests/unit/test_risk_kernel.py::TestVetoRegistry::test_boundary_samples_accept_and_reject[10-inside9-outside9]
tests/unit/test_risk_kernel.py::TestVetoRegistry::test_boundary_samples_accept_and_reject[11-inside10-outside10]
tests/unit/test_risk_kernel.py::TestVetoRegistry::test_boundary_samples_accept_and_reject[12-inside11-outside11]
tests/unit/test_risk_kernel.py::TestVetoRegistry::test_boundary_samples_accept_and_reject[13-inside12-outside12]
tests/unit/test_risk_kernel.py::TestVetoRegistry::test_boundary_samples_accept_and_reject[14-inside13-outside13]
tests/unit/test_risk_kernel.py::TestVetoRegistry::test_every_veto_is_independently_sufficient_even_at_p_099
tests/unit/test_risk_kernel.py::TestVetoRegistry::test_qx_state_fires_veto_one_without_a_q_raw
tests/unit/test_risk_kernel.py::TestVetoRegistry::test_unknown_timeframe_fails_closed
tests/unit/test_risk_kernel.py::TestVetoRegistry::test_registry_is_complete_by_construction
tests/unit/test_risk_kernel.py::TestVetoesBeforeSizing::test_sizing_is_unreachable_when_any_veto_fires
tests/unit/test_risk_kernel.py::TestVetoesBeforeSizing::test_all_fourteen_are_evaluated_before_the_first_rejection
tests/unit/test_risk_kernel.py::TestVetoesBeforeSizing::test_the_clean_path_sizes_after_the_full_sweep
tests/unit/test_risk_kernel.py::TestVetoesBeforeSizing::test_trade_plan_shape_is_exact
tests/unit/test_risk_kernel.py::TestVetoesBeforeSizing::test_missing_mandatory_input_fails_closed
tests/unit/test_risk_kernel.py::TestSizingMachine::test_r_allowed_and_quantity_formula
tests/unit/test_risk_kernel.py::TestSizingMachine::test_ladder_multipliers_are_the_frozen_values
tests/unit/test_risk_kernel.py::TestSizingMachine::test_attention_cap_is_the_second_bound
tests/unit/test_risk_kernel.py::TestSizingMachine::test_zero_quantity_rejects_with_portfolio_capacity
tests/unit/test_risk_kernel.py::TestSizingMachine::test_min_quantity_floor_is_applied
tests/unit/test_risk_kernel.py::TestSizingMachine::test_stop_distance_and_capital_guards
tests/unit/test_risk_kernel.py::TestSizingMachine::test_critical_risk_sizes_to_zero_and_rejects
tests/unit/test_risk_kernel.py::TestSizingMachine::test_ladder_band_projection_boundaries
tests/unit/test_risk_kernel.py::TestSizingMachine::test_declared_state_is_a_floor_never_a_softener
tests/unit/test_risk_kernel.py::TestSizingMachine::test_adjudicate_rejects_at_critical_capacity
tests/unit/test_risk_kernel.py::TestSizingMachine::test_correlation_reduce_path
tests/unit/test_risk_kernel.py::TestSizingMachine::test_cvar_advisory_downgrade_reaches_sizing
tests/unit/test_risk_kernel.py::TestFrozenBootstrapLiterals::test_risk_defaults_yaml_literals
tests/unit/test_risk_kernel.py::TestFrozenBootstrapLiterals::test_y2_leverage_table_by_timeframe
tests/unit/test_risk_kernel.py::TestFrozenBootstrapLiterals::test_effective_leverage_is_a_ceiling_not_a_target
tests/unit/test_risk_kernel.py::TestFrozenBootstrapLiterals::test_governed_defaults_are_the_documented_numbers
tests/unit/test_risk_kernel.py::TestAggregateLossBreakers::test_thresholds_and_precedence
tests/unit/test_risk_kernel.py::TestAggregateLossBreakers::test_boundary_is_strictly_greater
tests/unit/test_risk_kernel.py::TestAggregateLossBreakers::test_reset_is_time_or_owner_only
tests/unit/test_risk_kernel.py::TestMarginAndTail::test_bands[0.61-OK-None]
tests/unit/test_risk_kernel.py::TestMarginAndTail::test_bands[0.6-WARNING-None]
tests/unit/test_risk_kernel.py::TestMarginAndTail::test_bands[0.45-WARNING-None]
tests/unit/test_risk_kernel.py::TestMarginAndTail::test_bands[0.4-ACTION-14]
tests/unit/test_risk_kernel.py::TestMarginAndTail::test_bands[0.39-ACTION-14]
tests/unit/test_risk_kernel.py::TestMarginAndTail::test_bands[0.21-ACTION-14]
tests/unit/test_risk_kernel.py::TestMarginAndTail::test_bands[0.2-LIQUIDATION_APPROACH-14]
tests/unit/test_risk_kernel.py::TestMarginAndTail::test_bands[0.05-LIQUIDATION_APPROACH-14]
tests/unit/test_risk_kernel.py::TestMarginAndTail::test_actions_are_exact
tests/unit/test_risk_kernel.py::TestMarginAndTail::test_cvar_is_advisory_only
tests/unit/test_risk_kernel.py::TestRatchet::test_ladder_states_are_the_frozen_six
tests/unit/test_risk_kernel.py::TestRatchet::test_the_four_blocked_downgrades[L2_DISABLE_NEW-L1_PAUSE]
tests/unit/test_risk_kernel.py::TestRatchet::test_the_four_blocked_downgrades[L3_CANCEL_ALL-L2_DISABLE_NEW]
tests/unit/test_risk_kernel.py::TestRatchet::test_the_four_blocked_downgrades[L4_CLOSE_ALL-L3_CANCEL_ALL]
tests/unit/test_risk_kernel.py::TestRatchet::test_the_four_blocked_downgrades[L5_SAFE_MODE-L4_CLOSE_ALL]
tests/unit/test_risk_kernel.py::TestRatchet::test_every_escalation_is_allowed[NORMAL-L1_PAUSE]
tests/unit/test_risk_kernel.py::TestRatchet::test_every_escalation_is_allowed[L1_PAUSE-L2_DISABLE_NEW]
tests/unit/test_risk_kernel.py::TestRatchet::test_every_escalation_is_allowed[L2_DISABLE_NEW-L3_CANCEL_ALL]
tests/unit/test_risk_kernel.py::TestRatchet::test_every_escalation_is_allowed[L3_CANCEL_ALL-L4_CLOSE_ALL]
tests/unit/test_risk_kernel.py::TestRatchet::test_every_escalation_is_allowed[L4_CLOSE_ALL-L5_SAFE_MODE]
tests/unit/test_risk_kernel.py::TestRatchet::test_every_escalation_is_allowed[NORMAL-L5_SAFE_MODE]
tests/unit/test_risk_kernel.py::TestRatchet::test_l1_pause_to_normal_needs_the_owner
tests/unit/test_risk_kernel.py::TestRatchet::test_deeper_emergency_states_have_no_resume_path
tests/unit/test_risk_kernel.py::TestRatchet::test_idempotent_repeat_is_not_a_downgrade
tests/unit/test_risk_kernel.py::TestRatchet::test_unknown_state_fails_closed
tests/unit/test_risk_kernel.py::TestLadderStatePersistence::test_ddl_declares_append_only_and_ratchet_bounds
tests/unit/test_risk_kernel.py::TestLadderStatePersistence::test_revision_validation
tests/unit/test_risk_kernel.py::TestLadderStatePersistence::test_ladder_table_is_append_only_in_sqlite
tests/unit/test_risk_kernel.py::TestLadderStatePersistence::test_migration_is_idempotent_and_registers_once
tests/unit/test_risk_kernel.py::TestAuthorityAndIndependence::test_kernel_never_imports_execution_or_ui
tests/unit/test_risk_kernel.py::TestAuthorityAndIndependence::test_no_ladder_state_outside_the_frozen_set
tests/unit/test_risk_kernel.py::test_cp14_perpetual_descriptor_is_strictly_typed[0]
tests/unit/test_risk_kernel.py::test_cp14_perpetual_descriptor_is_strictly_typed[1]
tests/unit/test_risk_kernel.py::test_cp14_perpetual_descriptor_is_strictly_typed[True]
tests/unit/test_risk_kernel.py::test_cp14_perpetual_descriptor_is_strictly_typed[None]
tests/unit/test_risk_kernel.py::test_cp14_perpetual_descriptor_is_strictly_typed[false]
tests/unit/test_risk_kernel.py::test_cp14_perpetual_applicability_preserves_fourteen_vetoes
tests/unit/test_scheduler_clock.py::TestUniverse::test_the_grid_is_exactly_140_cells
tests/unit/test_scheduler_clock.py::TestUniverse::test_every_core10_symbol_appears_with_all_fourteen_timeframes
tests/unit/test_scheduler_clock.py::TestUniverse::test_cell_ids_are_symbol_colon_timeframe
tests/unit/test_scheduler_clock.py::TestUniverse::test_3d_is_not_in_the_grid
tests/unit/test_scheduler_clock.py::TestUniverse::test_a_disabled_cell_is_removed_from_the_grid_only
tests/unit/test_scheduler_clock.py::TestUniverse::test_tf_durations_come_from_the_frozen_pit_table
tests/unit/test_scheduler_clock.py::TestUniverse::test_an_unknown_timeframe_fails_closed
tests/unit/test_scheduler_clock.py::TestCloseBoundaries::test_next_close_is_the_next_boundary
tests/unit/test_scheduler_clock.py::TestCloseBoundaries::test_close_times_enumerate_every_boundary
tests/unit/test_scheduler_clock.py::TestCloseBoundaries::test_next_close_matches_the_enumeration
tests/unit/test_scheduler_clock.py::TestFixtureClock::test_time_moves_only_when_the_test_moves_it
tests/unit/test_scheduler_clock.py::TestFixtureClock::test_the_fixture_clock_never_runs_backward
tests/unit/test_scheduler_clock.py::TestFixtureClock::test_iso_round_trip_is_millisecond_exact
tests/unit/test_scheduler_clock.py::TestFixtureClock::test_the_system_clock_reports_utc_with_milliseconds
tests/unit/test_scheduler_clock.py::TestDrift::test_governed_literals
tests/unit/test_scheduler_clock.py::TestDrift::test_drift_verdict[0.0-SYNCED-False-False]
tests/unit/test_scheduler_clock.py::TestDrift::test_drift_verdict[0.05-SYNCED-False-False]
tests/unit/test_scheduler_clock.py::TestDrift::test_drift_verdict[0.1-SYNCED-False-False]
tests/unit/test_scheduler_clock.py::TestDrift::test_drift_verdict[0.6-DEGRADED-True-True]
tests/unit/test_scheduler_clock.py::TestDrift::test_drift_verdict[5.0-DEGRADED-True-True]
tests/unit/test_scheduler_clock.py::TestDrift::test_drift_verdict[5.1-BLOCKED-True-True]
tests/unit/test_scheduler_clock.py::TestDrift::test_drift_verdict[-9.0-BLOCKED-True-True]
tests/unit/test_scheduler_clock.py::TestDrift::test_a_negative_drift_is_treated_by_magnitude
tests/unit/test_scheduler_clock.py::TestDrift::test_an_unmeasurable_clock_never_assumes_sync
tests/unit/test_scheduler_clock.py::TestDrift::test_a_missing_server_time_field_fails_closed
tests/unit/test_scheduler_clock.py::TestDrift::test_drift_is_measured_against_the_exchange_server_time
tests/unit/test_scheduler_clock.py::TestTMonotone::test_the_cap_set_is_evaluated_together
tests/unit/test_scheduler_clock.py::TestTMonotone::test_a_last_writer_policy_would_give_the_wrong_answer
tests/unit/test_scheduler_clock.py::TestTMonotone::test_the_running_minimum_never_increases
tests/unit/test_scheduler_clock.py::TestTMonotone::test_tightening_a_cap_can_only_lower_the_result
tests/unit/test_scheduler_clock.py::TestTMonotone::test_the_cap_order_is_irrelevant
tests/unit/test_scheduler_clock.py::TestTMonotone::test_monotone_check_permutation_invariance
tests/unit/test_scheduler_clock.py::TestTMonotone::test_an_empty_cap_set_is_refused
tests/unit/test_scheduler_clock.py::TestTMonotone::test_no_cell_can_exceed_its_tf_cap[1m]
tests/unit/test_scheduler_clock.py::TestTMonotone::test_no_cell_can_exceed_its_tf_cap[3m]
tests/unit/test_scheduler_clock.py::TestTMonotone::test_no_cell_can_exceed_its_tf_cap[5m]
tests/unit/test_scheduler_clock.py::TestTMonotone::test_no_cell_can_exceed_its_tf_cap[15m]
tests/unit/test_scheduler_clock.py::TestTMonotone::test_no_cell_can_exceed_its_tf_cap[30m]
tests/unit/test_scheduler_clock.py::TestTMonotone::test_no_cell_can_exceed_its_tf_cap[1h]
tests/unit/test_scheduler_clock.py::TestTMonotone::test_no_cell_can_exceed_its_tf_cap[2h]
tests/unit/test_scheduler_clock.py::TestTMonotone::test_no_cell_can_exceed_its_tf_cap[4h]
tests/unit/test_scheduler_clock.py::TestTMonotone::test_no_cell_can_exceed_its_tf_cap[6h]
tests/unit/test_scheduler_clock.py::TestTMonotone::test_no_cell_can_exceed_its_tf_cap[8h]
tests/unit/test_scheduler_clock.py::TestTMonotone::test_no_cell_can_exceed_its_tf_cap[12h]
tests/unit/test_scheduler_clock.py::TestTMonotone::test_no_cell_can_exceed_its_tf_cap[1d]
tests/unit/test_scheduler_clock.py::TestTMonotone::test_no_cell_can_exceed_its_tf_cap[1w]
tests/unit/test_scheduler_clock.py::TestTMonotone::test_no_cell_can_exceed_its_tf_cap[1mo]
tests/unit/test_scheduler_clock.py::TestHtfLastClosed::test_the_policy_constant
tests/unit/test_scheduler_clock.py::TestHtfLastClosed::test_a_last_closed_htf_candle_is_allowed
tests/unit/test_scheduler_clock.py::TestHtfLastClosed::test_a_future_htf_candle_is_a_future_leak
tests/unit/test_scheduler_clock.py::TestHtfLastClosed::test_an_htf_candle_closing_exactly_now_is_allowed
tests/unit/test_scheduler_clock.py::TestPipelineOrder::test_the_nine_stages_are_exactly_the_contract_order
tests/unit/test_scheduler_clock.py::TestPipelineOrder::test_a_cell_runs_the_stages_in_order
tests/unit/test_scheduler_clock.py::TestPipelineOrder::test_a_missing_stage_halts_the_cell_and_is_never_skipped
tests/unit/test_scheduler_clock.py::TestPipelineOrder::test_a_failing_stage_halts_the_cell
tests/unit/test_scheduler_clock.py::TestPipelineOrder::test_an_unregistered_stage_name_is_refused
tests/unit/test_scheduler_clock.py::TestPipelineOrder::test_each_cell_only_sees_its_own_symbol_and_timeframe
tests/unit/test_scheduler_clock.py::TestSemaphore::test_the_governed_bound_is_four
tests/unit/test_scheduler_clock.py::TestSemaphore::test_a_full_burst_never_exceeds_four_concurrent_cells
tests/unit/test_scheduler_clock.py::TestSemaphore::test_a_non_positive_semaphore_is_refused
tests/unit/test_scheduler_clock.py::TestPriorityLanes::test_priority_order_is_p0_to_p3
tests/unit/test_scheduler_clock.py::TestPriorityLanes::test_a_p0_cell_runs_before_an_earlier_p2_cell
tests/unit/test_scheduler_clock.py::TestPriorityLanes::test_due_cells_are_ordered_by_close_then_symbol_then_timeframe
tests/unit/test_scheduler_clock.py::TestPriorityLanes::test_a_cell_run_is_published_on_the_bus
tests/unit/test_scheduler_clock.py::TestDriftBlock::test_drift_beyond_tolerance_blocks_every_cell
tests/unit/test_scheduler_clock.py::TestDriftBlock::test_e12_drift_also_blocks_new_trades
tests/unit/test_scheduler_clock.py::TestDriftBlock::test_a_synced_clock_runs_normally
tests/unit/test_scheduler_clock.py::TestContentionSerialization::test_known_contention_points_are_serialized
tests/unit/test_scheduler_clock.py::TestCellLeverage::test_each_cell_carries_its_own_min_cap_leverage
tests/unit/test_scheduler_clock.py::TestCellLeverage::test_an_owner_cap_lowers_every_cell
tests/unit/test_scheduler_clock.py::TestCellLookup::test_a_cell_outside_the_universe_is_refused
tests/unit/test_scheduler_clock.py::TestCellLookup::test_the_scheduler_defaults_to_the_full_grid
tests/unit/test_scheduler_clock.py::TestCellLookup::test_runs_are_an_immutable_view
tests/unit/test_setup_family_sf_fvg_sweep_rev.py::test_optional_omission_keeps_the_070_denominator
tests/unit/test_setup_family_sf_fvg_sweep_rev.py::TestFamilyContract::test_identity_and_membership_literals
tests/unit/test_setup_family_sf_fvg_sweep_rev.py::TestFamilyContract::test_exactly_one_family_exists
tests/unit/test_setup_family_sf_fvg_sweep_rev.py::TestFamilyContract::test_universality_140_cells
tests/unit/test_setup_family_sf_fvg_sweep_rev.py::TestFamilyContract::test_the_family_runs_on_every_representative_cell[1m-BTCUSDT]
tests/unit/test_setup_family_sf_fvg_sweep_rev.py::TestFamilyContract::test_the_family_runs_on_every_representative_cell[1m-ETHUSDT]
tests/unit/test_setup_family_sf_fvg_sweep_rev.py::TestFamilyContract::test_the_family_runs_on_every_representative_cell[1m-SOLUSDT]
tests/unit/test_setup_family_sf_fvg_sweep_rev.py::TestFamilyContract::test_the_family_runs_on_every_representative_cell[1m-BNBUSDT]
tests/unit/test_setup_family_sf_fvg_sweep_rev.py::TestFamilyContract::test_the_family_runs_on_every_representative_cell[1m-XRPUSDT]
tests/unit/test_setup_family_sf_fvg_sweep_rev.py::TestFamilyContract::test_the_family_runs_on_every_representative_cell[1m-ADAUSDT]
tests/unit/test_setup_family_sf_fvg_sweep_rev.py::TestFamilyContract::test_the_family_runs_on_every_representative_cell[1m-DOGEUSDT]
tests/unit/test_setup_family_sf_fvg_sweep_rev.py::TestFamilyContract::test_the_family_runs_on_every_representative_cell[1m-AVAXUSDT]
tests/unit/test_setup_family_sf_fvg_sweep_rev.py::TestFamilyContract::test_the_family_runs_on_every_representative_cell[1m-LINKUSDT]
tests/unit/test_setup_family_sf_fvg_sweep_rev.py::TestFamilyContract::test_the_family_runs_on_every_representative_cell[1m-LTCUSDT]
tests/unit/test_setup_family_sf_fvg_sweep_rev.py::TestFamilyContract::test_the_family_runs_on_every_representative_cell[15m-BTCUSDT]
tests/unit/test_setup_family_sf_fvg_sweep_rev.py::TestFamilyContract::test_the_family_runs_on_every_representative_cell[15m-ETHUSDT]
tests/unit/test_setup_family_sf_fvg_sweep_rev.py::TestFamilyContract::test_the_family_runs_on_every_representative_cell[15m-SOLUSDT]
tests/unit/test_setup_family_sf_fvg_sweep_rev.py::TestFamilyContract::test_the_family_runs_on_every_representative_cell[15m-BNBUSDT]
tests/unit/test_setup_family_sf_fvg_sweep_rev.py::TestFamilyContract::test_the_family_runs_on_every_representative_cell[15m-XRPUSDT]
tests/unit/test_setup_family_sf_fvg_sweep_rev.py::TestFamilyContract::test_the_family_runs_on_every_representative_cell[15m-ADAUSDT]
tests/unit/test_setup_family_sf_fvg_sweep_rev.py::TestFamilyContract::test_the_family_runs_on_every_representative_cell[15m-DOGEUSDT]
tests/unit/test_setup_family_sf_fvg_sweep_rev.py::TestFamilyContract::test_the_family_runs_on_every_representative_cell[15m-AVAXUSDT]
tests/unit/test_setup_family_sf_fvg_sweep_rev.py::TestFamilyContract::test_the_family_runs_on_every_representative_cell[15m-LINKUSDT]
tests/unit/test_setup_family_sf_fvg_sweep_rev.py::TestFamilyContract::test_the_family_runs_on_every_representative_cell[15m-LTCUSDT]
tests/unit/test_setup_family_sf_fvg_sweep_rev.py::TestFamilyContract::test_the_family_runs_on_every_representative_cell[1h-BTCUSDT]
tests/unit/test_setup_family_sf_fvg_sweep_rev.py::TestFamilyContract::test_the_family_runs_on_every_representative_cell[1h-ETHUSDT]
tests/unit/test_setup_family_sf_fvg_sweep_rev.py::TestFamilyContract::test_the_family_runs_on_every_representative_cell[1h-SOLUSDT]
tests/unit/test_setup_family_sf_fvg_sweep_rev.py::TestFamilyContract::test_the_family_runs_on_every_representative_cell[1h-BNBUSDT]
tests/unit/test_setup_family_sf_fvg_sweep_rev.py::TestFamilyContract::test_the_family_runs_on_every_representative_cell[1h-XRPUSDT]
tests/unit/test_setup_family_sf_fvg_sweep_rev.py::TestFamilyContract::test_the_family_runs_on_every_representative_cell[1h-ADAUSDT]
tests/unit/test_setup_family_sf_fvg_sweep_rev.py::TestFamilyContract::test_the_family_runs_on_every_representative_cell[1h-DOGEUSDT]
tests/unit/test_setup_family_sf_fvg_sweep_rev.py::TestFamilyContract::test_the_family_runs_on_every_representative_cell[1h-AVAXUSDT]
tests/unit/test_setup_family_sf_fvg_sweep_rev.py::TestFamilyContract::test_the_family_runs_on_every_representative_cell[1h-LINKUSDT]
tests/unit/test_setup_family_sf_fvg_sweep_rev.py::TestFamilyContract::test_the_family_runs_on_every_representative_cell[1h-LTCUSDT]
tests/unit/test_setup_family_sf_fvg_sweep_rev.py::TestFamilyContract::test_the_family_runs_on_every_representative_cell[4h-BTCUSDT]
tests/unit/test_setup_family_sf_fvg_sweep_rev.py::TestFamilyContract::test_the_family_runs_on_every_representative_cell[4h-ETHUSDT]
tests/unit/test_setup_family_sf_fvg_sweep_rev.py::TestFamilyContract::test_the_family_runs_on_every_representative_cell[4h-SOLUSDT]
tests/unit/test_setup_family_sf_fvg_sweep_rev.py::TestFamilyContract::test_the_family_runs_on_every_representative_cell[4h-BNBUSDT]
tests/unit/test_setup_family_sf_fvg_sweep_rev.py::TestFamilyContract::test_the_family_runs_on_every_representative_cell[4h-XRPUSDT]
tests/unit/test_setup_family_sf_fvg_sweep_rev.py::TestFamilyContract::test_the_family_runs_on_every_representative_cell[4h-ADAUSDT]
tests/unit/test_setup_family_sf_fvg_sweep_rev.py::TestFamilyContract::test_the_family_runs_on_every_representative_cell[4h-DOGEUSDT]
tests/unit/test_setup_family_sf_fvg_sweep_rev.py::TestFamilyContract::test_the_family_runs_on_every_representative_cell[4h-AVAXUSDT]
tests/unit/test_setup_family_sf_fvg_sweep_rev.py::TestFamilyContract::test_the_family_runs_on_every_representative_cell[4h-LINKUSDT]
tests/unit/test_setup_family_sf_fvg_sweep_rev.py::TestFamilyContract::test_the_family_runs_on_every_representative_cell[4h-LTCUSDT]
tests/unit/test_setup_family_sf_fvg_sweep_rev.py::TestFamilyContract::test_the_family_runs_on_every_representative_cell[1mo-BTCUSDT]
tests/unit/test_setup_family_sf_fvg_sweep_rev.py::TestFamilyContract::test_the_family_runs_on_every_representative_cell[1mo-ETHUSDT]
tests/unit/test_setup_family_sf_fvg_sweep_rev.py::TestFamilyContract::test_the_family_runs_on_every_representative_cell[1mo-SOLUSDT]
tests/unit/test_setup_family_sf_fvg_sweep_rev.py::TestFamilyContract::test_the_family_runs_on_every_representative_cell[1mo-BNBUSDT]
tests/unit/test_setup_family_sf_fvg_sweep_rev.py::TestFamilyContract::test_the_family_runs_on_every_representative_cell[1mo-XRPUSDT]
tests/unit/test_setup_family_sf_fvg_sweep_rev.py::TestFamilyContract::test_the_family_runs_on_every_representative_cell[1mo-ADAUSDT]
tests/unit/test_setup_family_sf_fvg_sweep_rev.py::TestFamilyContract::test_the_family_runs_on_every_representative_cell[1mo-DOGEUSDT]
tests/unit/test_setup_family_sf_fvg_sweep_rev.py::TestFamilyContract::test_the_family_runs_on_every_representative_cell[1mo-AVAXUSDT]
tests/unit/test_setup_family_sf_fvg_sweep_rev.py::TestFamilyContract::test_the_family_runs_on_every_representative_cell[1mo-LINKUSDT]
tests/unit/test_setup_family_sf_fvg_sweep_rev.py::TestFamilyContract::test_the_family_runs_on_every_representative_cell[1mo-LTCUSDT]
tests/unit/test_setup_family_sf_fvg_sweep_rev.py::TestFamilyContract::test_no_gate_is_15m_only[1m]
tests/unit/test_setup_family_sf_fvg_sweep_rev.py::TestFamilyContract::test_no_gate_is_15m_only[3m]
tests/unit/test_setup_family_sf_fvg_sweep_rev.py::TestFamilyContract::test_no_gate_is_15m_only[5m]
tests/unit/test_setup_family_sf_fvg_sweep_rev.py::TestFamilyContract::test_no_gate_is_15m_only[15m]
tests/unit/test_setup_family_sf_fvg_sweep_rev.py::TestFamilyContract::test_no_gate_is_15m_only[30m]
tests/unit/test_setup_family_sf_fvg_sweep_rev.py::TestFamilyContract::test_no_gate_is_15m_only[1h]
tests/unit/test_setup_family_sf_fvg_sweep_rev.py::TestFamilyContract::test_no_gate_is_15m_only[2h]
tests/unit/test_setup_family_sf_fvg_sweep_rev.py::TestFamilyContract::test_no_gate_is_15m_only[4h]
tests/unit/test_setup_family_sf_fvg_sweep_rev.py::TestFamilyContract::test_no_gate_is_15m_only[6h]
tests/unit/test_setup_family_sf_fvg_sweep_rev.py::TestFamilyContract::test_no_gate_is_15m_only[8h]
tests/unit/test_setup_family_sf_fvg_sweep_rev.py::TestFamilyContract::test_no_gate_is_15m_only[12h]
tests/unit/test_setup_family_sf_fvg_sweep_rev.py::TestFamilyContract::test_no_gate_is_15m_only[1d]
tests/unit/test_setup_family_sf_fvg_sweep_rev.py::TestFamilyContract::test_no_gate_is_15m_only[1w]
tests/unit/test_setup_family_sf_fvg_sweep_rev.py::TestFamilyContract::test_no_gate_is_15m_only[1mo]
tests/unit/test_setup_family_sf_fvg_sweep_rev.py::TestRelativeMtf::test_selection_law
tests/unit/test_setup_family_sf_fvg_sweep_rev.py::TestRelativeMtf::test_intermediate_falls_back_to_i_plus_1_when_i_plus_2_absent
tests/unit/test_setup_family_sf_fvg_sweep_rev.py::TestRelativeMtf::test_no_coarser_tf_is_the_documented_vacuous_pass
tests/unit/test_setup_family_sf_fvg_sweep_rev.py::TestRelativeMtf::test_missing_required_coarser_bar_means_no_emission
tests/unit/test_setup_family_sf_fvg_sweep_rev.py::TestRelativeMtf::test_coarsest_tf_boundary_is_exclusive
tests/unit/test_setup_family_sf_fvg_sweep_rev.py::TestEntryLogicSteps::test_step1_atr_gate_rejects_unavailable
tests/unit/test_setup_family_sf_fvg_sweep_rev.py::TestEntryLogicSteps::test_step2_sweep_long_and_short
tests/unit/test_setup_family_sf_fvg_sweep_rev.py::TestEntryLogicSteps::test_step2_lookback_is_bounded_to_20_bars
tests/unit/test_setup_family_sf_fvg_sweep_rev.py::TestEntryLogicSteps::test_step4_fvg_window_and_fill_state
tests/unit/test_setup_family_sf_fvg_sweep_rev.py::TestEntryLogicSteps::test_step5_s_struct_boundary_is_inclusive
tests/unit/test_setup_family_sf_fvg_sweep_rev.py::TestEntryLogicSteps::test_regime_gate_blocks_only_the_forbidden_state
tests/unit/test_setup_family_sf_fvg_sweep_rev.py::TestEntryLogicSteps::test_step6_entry_is_limit_ioc_at_the_close
tests/unit/test_setup_family_sf_fvg_sweep_rev.py::TestEvidenceAndScoring::test_missing_required_evidence_does_not_emit
tests/unit/test_setup_family_sf_fvg_sweep_rev.py::TestEvidenceAndScoring::test_optional_evidence_absence_still_emits
tests/unit/test_setup_family_sf_fvg_sweep_rev.py::TestEvidenceAndScoring::test_required_conflict_applies_the_060_multiplier
tests/unit/test_setup_family_sf_fvg_sweep_rev.py::TestEvidenceAndScoring::test_redundancy_is_measured_not_assumed
tests/unit/test_setup_family_sf_fvg_sweep_rev.py::TestEvidenceAndScoring::test_empty_fabric_is_vacuous_and_blocked
tests/unit/test_setup_family_sf_fvg_sweep_rev.py::TestSetupEventMaterialization::test_setup_event_carries_the_ddl_columns_and_field_22
tests/unit/test_setup_family_sf_fvg_sweep_rev.py::TestSetupEventMaterialization::test_row_satisfies_the_frozen_store_checks
tests/unit/test_setup_family_sf_fvg_sweep_rev.py::TestSetupEventMaterialization::test_family_id_is_immutable_once_recorded
tests/unit/test_setup_family_sf_fvg_sweep_rev.py::TestSetupEventMaterialization::test_rejection_still_carries_the_family_identity
tests/unit/test_setup_family_sf_fvg_sweep_rev.py::TestSetupEventMaterialization::test_determinism_replay_is_byte_identical
tests/unit/test_setup_family_sf_fvg_sweep_rev.py::TestGateIntegration::test_a_bad_snapshot_blocks_without_touching_other_gates
tests/unit/test_setup_family_sf_fvg_sweep_rev.py::TestGateIntegration::test_gate_context_is_the_same_matrix_as_the_standalone_gates
tests/unit/test_setup_family_sf_fvg_sweep_rev.py::TestGateIntegration::test_evaluation_type_is_stable
tests/unit/test_setup_gates.py::TestGateMatrixShape::test_exactly_thirteen_gates
tests/unit/test_setup_gates.py::TestGateMatrixShape::test_score_unit_is_the_documented_quantum
tests/unit/test_setup_gates.py::TestGateMatrixShape::test_unknown_gate_number_fails_closed
tests/unit/test_setup_gates.py::TestGateMatrixShape::test_evaluate_dispatches_by_number
tests/unit/test_setup_gates.py::TestBoundaryOneUnit::test_gate1_final_score
tests/unit/test_setup_gates.py::TestBoundaryOneUnit::test_gate2_window_quality_min_veto
tests/unit/test_setup_gates.py::TestBoundaryOneUnit::test_gate3_conflict_penalty
tests/unit/test_setup_gates.py::TestBoundaryOneUnit::test_gate4_redundancy_penalty
tests/unit/test_setup_gates.py::TestBoundaryOneUnit::test_gate5_mtf_conflicting_boundary
tests/unit/test_setup_gates.py::TestBoundaryOneUnit::test_gate6_mtf_insufficient_and_vacuous_pass
tests/unit/test_setup_gates.py::TestBoundaryOneUnit::test_gate7_regime_entropy_boundary
tests/unit/test_setup_gates.py::TestBoundaryOneUnit::test_gate8_and_9_quality_class_one_unit_apart
tests/unit/test_setup_gates.py::TestBoundaryOneUnit::test_gate10_forecast_quality
tests/unit/test_setup_gates.py::TestBoundaryOneUnit::test_gate12_q_forecast_boundary
tests/unit/test_setup_gates.py::TestBoundaryOneUnit::test_gate13_parameter_package
tests/unit/test_setup_gates.py::TestGate11IntegrityOnly::test_matching_snapshot_passes
tests/unit/test_setup_gates.py::TestGate11IntegrityOnly::test_tampered_snapshot_fails
tests/unit/test_setup_gates.py::TestGate11IntegrityOnly::test_malformed_snapshot_id_fails
tests/unit/test_setup_gates.py::TestGate11IntegrityOnly::test_empty_lineage_fails
tests/unit/test_setup_gates.py::TestGate11IntegrityOnly::test_unresolvable_lineage_token_fails
tests/unit/test_setup_gates.py::TestGate11IntegrityOnly::test_non_canonicalizable_payload_fails_closed
tests/unit/test_setup_gates.py::TestGate11IntegrityOnly::test_fabric_hash_mismatch_fails
tests/unit/test_setup_gates.py::TestGate11IntegrityOnly::test_gate11_is_not_a_proxy_for_the_other_twelve
tests/unit/test_setup_gates.py::TestRunAll::test_all_thirteen_pass_emits_eligible
tests/unit/test_setup_gates.py::TestRunAll::test_single_gate_failure_blocks_and_names_it
tests/unit/test_setup_gates.py::TestRunAll::test_multiple_failures_are_all_reported
tests/unit/test_setup_gates.py::TestRunAll::test_gates_never_modify_the_inputs
tests/unit/test_setup_gates.py::TestRunAll::test_q_min_tf_is_reported_for_the_cell
tests/unit/test_setup_gates.py::TestRunAll::test_every_gate_is_reachable_through_the_registry
tests/unit/test_telegram_control_plane.py::TestFrozenLiterals::test_roles_are_owner_and_user_only
tests/unit/test_telegram_control_plane.py::TestFrozenLiterals::test_no_admin_role_anywhere_in_the_module
tests/unit/test_telegram_control_plane.py::TestFrozenLiterals::test_environments_have_no_shadow_mode
tests/unit/test_telegram_control_plane.py::TestFrozenLiterals::test_busy_guard_is_one_concurrent_run
tests/unit/test_telegram_control_plane.py::TestFrozenLiterals::test_confirmation_nonce_is_ninety_seconds_and_o_hex
tests/unit/test_telegram_control_plane.py::TestFrozenLiterals::test_emergency_levels_and_semantics
tests/unit/test_telegram_control_plane.py::TestFrozenLiterals::test_export_wizard_literals
tests/unit/test_telegram_control_plane.py::TestFrozenLiterals::test_settings_languages_and_timezone
tests/unit/test_telegram_control_plane.py::TestFrozenLiterals::test_help_literals
tests/unit/test_telegram_control_plane.py::TestFrozenLiterals::test_info_coverage_is_the_full_grid
tests/unit/test_telegram_control_plane.py::TestFrozenLiterals::test_trading_wizard_literals
tests/unit/test_telegram_control_plane.py::TestFrozenLiterals::test_main_menu_is_eight_domain_buttons_two_per_row
tests/unit/test_telegram_control_plane.py::TestFrozenLiterals::test_commands_and_panic_broadcasts
tests/unit/test_telegram_control_plane.py::TestFrozenLiterals::test_callback_data_budget
tests/unit/test_telegram_control_plane.py::TestFrozenLiterals::test_callback_slugs_stay_inside_the_budget
tests/unit/test_telegram_control_plane.py::TestAccessControl::test_an_unknown_chat_is_a_user_never_an_owner
tests/unit/test_telegram_control_plane.py::TestAccessControl::test_an_owner_passes_an_owner_only_check
tests/unit/test_telegram_control_plane.py::TestAccessControl::test_a_user_denial_is_auditable_and_recorded
tests/unit/test_telegram_control_plane.py::TestAccessControl::test_a_research_denial_carries_research_only_and_block
tests/unit/test_telegram_control_plane.py::TestAccessControl::test_an_unrestricted_check_allows_any_role
tests/unit/test_telegram_control_plane.py::TestAccessControl::test_users_are_listed_and_removed
tests/unit/test_telegram_control_plane.py::TestAccessControl::test_audit_ids_are_deterministic
tests/unit/test_telegram_control_plane.py::TestConfirmationNonce::test_the_nonce_key_has_the_o_hex_format
tests/unit/test_telegram_control_plane.py::TestConfirmationNonce::test_a_yes_confirmation_authorizes_once
tests/unit/test_telegram_control_plane.py::TestConfirmationNonce::test_the_confirmation_is_irreversible_a_replay_never_re_authorizes
tests/unit/test_telegram_control_plane.py::TestConfirmationNonce::test_a_no_confirmation_does_not_authorize
tests/unit/test_telegram_control_plane.py::TestConfirmationNonce::test_the_nonce_expires_after_ninety_seconds
tests/unit/test_telegram_control_plane.py::TestConfirmationNonce::test_a_foreign_chat_can_never_consume_someone_elses_nonce
tests/unit/test_telegram_control_plane.py::TestConfirmationNonce::test_an_unknown_key_or_action_is_refused
tests/unit/test_telegram_control_plane.py::TestConfirmationNonce::test_a_choice_that_is_neither_yes_nor_no_is_refused
tests/unit/test_telegram_control_plane.py::TestConfirmationNonce::test_pending_nonces_are_per_chat
tests/unit/test_telegram_control_plane.py::TestBusyGuard::test_the_state_table_is_idle_busy_idle
tests/unit/test_telegram_control_plane.py::TestBusyGuard::test_a_second_concurrent_run_is_refused_with_e_val_020_and_a_stop
tests/unit/test_telegram_control_plane.py::TestBusyGuard::test_the_concurrency_bound_cannot_be_changed
tests/unit/test_telegram_control_plane.py::TestUpdateDedup::test_a_replayed_update_is_answered_and_never_re_executed
tests/unit/test_telegram_control_plane.py::TestUpdateDedup::test_the_deduplicator_is_bounded
tests/unit/test_telegram_control_plane.py::TestExportWizard::test_a_valid_csv_export
tests/unit/test_telegram_control_plane.py::TestExportWizard::test_json_is_valid_and_pdf_is_refused
tests/unit/test_telegram_control_plane.py::TestExportWizard::test_more_than_twenty_five_items_is_refused
tests/unit/test_telegram_control_plane.py::TestExportWizard::test_every_other_axis_fails_closed[kwargs0-TIME_RANGE_UNSUPPORTED:3d]
tests/unit/test_telegram_control_plane.py::TestExportWizard::test_every_other_axis_fails_closed[kwargs1-ENVIRONMENT_UNSUPPORTED:SHADOW (PAPER or LIVE)]
tests/unit/test_telegram_control_plane.py::TestExportWizard::test_every_other_axis_fails_closed[kwargs2-ENVIRONMENT_UNSUPPORTED:RESEARCH (PAPER or LIVE)]
tests/unit/test_telegram_control_plane.py::TestExportWizard::test_every_other_axis_fails_closed[kwargs3-PATH_OUTSIDE_EXPORT_ROOT:/tmp/leak.csv]
tests/unit/test_telegram_control_plane.py::TestExportWizard::test_every_other_axis_fails_closed[kwargs4-NO_ITEMS_SELECTED]
tests/unit/test_telegram_control_plane.py::TestEmergencyRatchet::test_a_level_ratchets_up
tests/unit/test_telegram_control_plane.py::TestEmergencyRatchet::test_ratcheting_down_is_refused_with_rsk_err_506
tests/unit/test_telegram_control_plane.py::TestEmergencyRatchet::test_the_same_level_is_idempotent_not_a_downgrade
tests/unit/test_telegram_control_plane.py::TestEmergencyRatchet::test_only_the_owner_can_recover
tests/unit/test_telegram_control_plane.py::TestEmergencyRatchet::test_an_unknown_level_is_refused
tests/unit/test_telegram_control_plane.py::TestScreens::test_the_main_menu_is_fully_unlocked_and_shows_utc
tests/unit/test_telegram_control_plane.py::TestScreens::test_every_rendered_screen_ends_with_the_global_controls
tests/unit/test_telegram_control_plane.py::TestScreens::test_domain_buttons_stay_inside_the_ten_parameter_budget
tests/unit/test_telegram_control_plane.py::TestScreens::test_an_unknown_screen_is_refused
tests/unit/test_telegram_control_plane.py::TestScreens::test_the_lab_shows_research_to_the_owner_and_a_lock_to_a_user
tests/unit/test_telegram_control_plane.py::TestScreens::test_a_user_opening_research_gets_an_auditable_denial
tests/unit/test_telegram_control_plane.py::TestScreens::test_research_compare_produces_a_report_only_never_a_trade_plan
tests/unit/test_telegram_control_plane.py::TestScreens::test_the_info_screen_is_four_part_with_full_coverage
tests/unit/test_telegram_control_plane.py::TestScreens::test_settings_are_five_options_en_fa_and_utc
tests/unit/test_telegram_control_plane.py::TestScreens::test_the_emergency_screen_is_owner_only
tests/unit/test_telegram_control_plane.py::TestScreens::test_the_help_screen_is_six_items_with_support_and_no_w8
tests/unit/test_telegram_control_plane.py::TestScreens::test_the_trading_wizard_is_four_steps_over_the_full_grid
tests/unit/test_telegram_control_plane.py::TestScreens::test_3d_is_unsupported_in_the_wizard
tests/unit/test_telegram_control_plane.py::TestScreens::test_the_running_status_has_no_progress_bar
tests/unit/test_telegram_control_plane.py::TestScreens::test_the_portfolio_screen_is_csv_json_only
tests/unit/test_telegram_control_plane.py::TestCommands::test_myid_returns_the_chat_id_and_role
tests/unit/test_telegram_control_plane.py::TestCommands::test_start_renders_the_main_menu
tests/unit/test_telegram_control_plane.py::TestCommands::test_help_renders_the_help_screen
tests/unit/test_telegram_control_plane.py::TestCommands::test_an_unknown_command_is_refused
tests/unit/test_telegram_control_plane.py::TestCommands::test_lock_engages_and_broadcasts_in_english_and_farsi
tests/unit/test_telegram_control_plane.py::TestCommands::test_while_locked_only_myid_and_unlock_are_served
tests/unit/test_telegram_control_plane.py::TestCommands::test_unlock_is_owner_only
tests/unit/test_telegram_control_plane.py::TestCommands::test_a_broadcast_without_a_signaling_plane_is_audited_not_faked
tests/unit/test_telegram_control_plane.py::TestCallbacks::test_a_screen_callback_renders_that_screen
tests/unit/test_telegram_control_plane.py::TestCallbacks::test_back_and_home_return_to_the_main_menu
tests/unit/test_telegram_control_plane.py::TestCallbacks::test_an_unknown_action_is_refused
tests/unit/test_telegram_control_plane.py::TestCallbacks::test_callback_data_over_sixty_four_bytes_is_refused
tests/unit/test_telegram_control_plane.py::TestCallbacks::test_a_user_opening_research_by_callback_is_denied
tests/unit/test_telegram_control_plane.py::TestCallbacks::test_a_backtest_run_is_refused_while_another_is_active
tests/unit/test_telegram_control_plane.py::TestCallbacks::test_a_backtest_run_acquires_and_releases_the_guard
tests/unit/test_telegram_control_plane.py::TestCallbacks::test_a_missing_handler_is_refused_never_pretended
tests/unit/test_telegram_control_plane.py::TestCallbacks::test_a_failing_handler_is_reported_not_swallowed
tests/unit/test_telegram_control_plane.py::TestCallbacks::test_an_export_callback_validates_before_dispatching
tests/unit/test_telegram_control_plane.py::TestCallbacks::test_a_replayed_callback_is_not_re_executed
tests/unit/test_telegram_control_plane.py::TestEmergencyFlow::test_an_unconfirmed_level_issues_a_nonce_and_does_not_act
tests/unit/test_telegram_control_plane.py::TestEmergencyFlow::test_yes_confirmation_executes_the_effect_once
tests/unit/test_telegram_control_plane.py::TestEmergencyFlow::test_no_confirmation_leaves_the_system_untouched
tests/unit/test_telegram_control_plane.py::TestEmergencyFlow::test_an_expired_nonce_never_authorizes
tests/unit/test_telegram_control_plane.py::TestEmergencyFlow::test_a_malformed_confirmation_is_refused
tests/unit/test_telegram_control_plane.py::TestEmergencyFlow::test_a_user_cannot_raise_any_emergency_level
tests/unit/test_telegram_control_plane.py::TestEmergencyFlow::test_l3_cancels_in_batches_of_at_most_twelve
tests/unit/test_telegram_control_plane.py::TestEmergencyFlow::test_l5_sets_every_safe_mode_flag_and_preserves_evidence
tests/unit/test_telegram_control_plane.py::TestEmergencyFlow::test_l4_and_l5_raise_a_p0_alert_to_the_owner
tests/unit/test_telegram_control_plane.py::TestEmergencyFlow::test_l1_to_l3_raise_a_circuit_open_alert
tests/unit/test_telegram_control_plane.py::TestEmergencyFlow::test_recovery_from_an_emergency_state_is_owner_only
tests/unit/test_telegram_control_plane.py::TestEmergencyFlow::test_a_ratchet_down_through_the_callback_is_refused
tests/unit/test_telegram_control_plane.py::TestEmergencyFlow::test_an_unknown_emergency_level_is_refused
tests/unit/test_telegram_control_plane.py::TestControlPlaneGuardrails::test_no_secret_material_is_hardcoded
tests/unit/test_telegram_control_plane.py::TestControlPlaneGuardrails::test_the_control_plane_has_no_direct_venue_or_ledger_write_path
tests/unit/test_telegram_control_plane.py::TestControlPlaneGuardrails::test_an_unregistered_environment_falls_back_to_paper
tests/unit/test_telegram_control_plane.py::TestControlPlaneGuardrails::test_the_environment_and_balance_are_displayed_from_the_settings
tests/unit/test_telegram_control_plane.py::TestControlPlaneGuardrails::test_every_dispatch_is_audited
tests/unit/test_telegram_control_plane.py::TestControlPlaneGuardrails::test_the_handler_seam_accepts_a_late_registration
tests/unit/test_telegram_signaling.py::TestParameterTable::test_the_frozen_literals
tests/unit/test_telegram_signaling.py::TestParameterTable::test_the_parameter_table_view_matches_the_literals
tests/unit/test_telegram_signaling.py::TestParameterTable::test_the_internal_limiter_is_below_the_provider_ceiling
tests/unit/test_telegram_signaling.py::TestParameterTable::test_signaling_tiers_are_the_ch21_table
tests/unit/test_telegram_signaling.py::TestFormatting::test_markdown_v2_escapes_exactly_the_listed_characters
tests/unit/test_telegram_signaling.py::TestFormatting::test_comma_formatted_numbers_are_escaped_too
tests/unit/test_telegram_signaling.py::TestFormatting::test_html_supports_only_the_five_tags
tests/unit/test_telegram_signaling.py::TestFormatting::test_a_too_long_message_is_truncated_and_degraded
tests/unit/test_telegram_signaling.py::TestFormatting::test_a_too_long_caption_is_truncated_and_degraded
tests/unit/test_telegram_signaling.py::TestFormatting::test_a_keyboard_over_eight_buttons_is_truncated
tests/unit/test_telegram_signaling.py::TestFormatting::test_oversized_callback_data_is_reported_and_cut
tests/unit/test_telegram_signaling.py::TestFormatting::test_a_two_button_row_layout_is_preserved
tests/unit/test_telegram_signaling.py::TestIdempotencyKey::test_the_key_is_sha256_of_the_three_fields
tests/unit/test_telegram_signaling.py::TestIdempotencyKey::test_the_key_matches_the_message_property
tests/unit/test_telegram_signaling.py::TestIdempotencyKey::test_an_existing_key_skips_the_message
tests/unit/test_telegram_signaling.py::TestIdempotencyKey::test_the_key_expires_after_twenty_four_hours
tests/unit/test_telegram_signaling.py::TestTokenBucket::test_one_token_per_message_and_twenty_in_the_bucket
tests/unit/test_telegram_signaling.py::TestTokenBucket::test_an_empty_bucket_queues_the_message_and_never_drops_it
tests/unit/test_telegram_signaling.py::TestTokenBucket::test_the_bucket_refills_at_twenty_per_second
tests/unit/test_telegram_signaling.py::TestTokenBucket::test_buckets_are_per_chat
tests/unit/test_telegram_signaling.py::TestSending::test_a_successful_send_is_active_and_stores_the_key
tests/unit/test_telegram_signaling.py::TestSending::test_retry_uses_the_one_two_four_backoff
tests/unit/test_telegram_signaling.py::TestSending::test_three_failures_leave_the_message_in_the_outbox
tests/unit/test_telegram_signaling.py::TestSending::test_an_invalid_chat_id_is_qx_invalid
tests/unit/test_telegram_signaling.py::TestSending::test_a_too_long_text_is_truncated_and_degraded_on_send
tests/unit/test_telegram_signaling.py::TestSending::test_an_image_is_sent_as_a_photo_with_its_caption
tests/unit/test_telegram_signaling.py::TestSending::test_the_outbox_records_every_message_including_skips
tests/unit/test_telegram_signaling.py::TestSending::test_a_p0_signal_is_marked_never_droppable
tests/unit/test_telegram_signaling.py::TestSending::test_a_bus_event_is_published_for_every_send
tests/unit/test_telegram_signaling.py::TestEmissionFormula::test_a_confirmed_setup_with_good_quality_emits
tests/unit/test_telegram_signaling.py::TestEmissionFormula::test_the_confidence_is_085_times_q_formula_valid
tests/unit/test_telegram_signaling.py::TestEmissionFormula::test_the_quality_and_validity_are_the_contract_values
tests/unit/test_telegram_signaling.py::TestEmissionFormula::test_the_gate_refuses_without_emitting[kwargs0-NO_TELEGRAM_MESSAGE]
tests/unit/test_telegram_signaling.py::TestEmissionFormula::test_the_gate_refuses_without_emitting[kwargs1-NO_TELEGRAM_MESSAGE]
tests/unit/test_telegram_signaling.py::TestEmissionFormula::test_the_gate_refuses_without_emitting[kwargs2-INVALID]
tests/unit/test_telegram_signaling.py::TestEmissionFormula::test_the_gate_refuses_without_emitting[kwargs3-INVALID]
tests/unit/test_telegram_signaling.py::TestEmissionFormula::test_an_empty_bucket_queues_instead_of_dropping
tests/unit/test_telegram_signaling.py::TestMessageStateMachine::test_the_states_are_the_ch21_set
tests/unit/test_telegram_signaling.py::TestMessageStateMachine::test_theta_max_age_is_one_hundred_bars
tests/unit/test_telegram_signaling.py::TestMessageStateMachine::test_the_decay_formula_is_exp_minus_002_age
tests/unit/test_telegram_signaling.py::TestAlertPolicy::test_the_five_policy_rows_are_verbatim
tests/unit/test_telegram_signaling.py::TestAlertPolicy::test_priorities_match_the_signaling_tier_table
tests/unit/test_telegram_signaling.py::TestAlertPolicy::test_an_alert_not_in_the_policy_is_refused
tests/unit/test_telegram_signaling.py::TestAlertPolicy::test_dedup_suppresses_identical_alerts_inside_thirty_minutes
tests/unit/test_telegram_signaling.py::TestAlertPolicy::test_dedup_expires_after_the_window
tests/unit/test_telegram_signaling.py::TestAlertPolicy::test_exec_recovery_and_circuit_open_are_never_suppressed[CIRCUIT_OPEN]
tests/unit/test_telegram_signaling.py::TestAlertPolicy::test_exec_recovery_and_circuit_open_are_never_suppressed[EXEC_RECOVERY]
tests/unit/test_telegram_signaling.py::TestAlertPolicy::test_every_alert_carries_the_five_required_fields
tests/unit/test_telegram_signaling.py::TestAlertPolicy::test_the_alert_is_appended_to_the_immutable_audit_trail
tests/unit/test_telegram_signaling.py::TestAlertPolicy::test_feed_staleness_trigger
tests/unit/test_telegram_signaling.py::TestAlertPolicy::test_feed_staleness_reads_the_frozen_params_when_not_supplied
tests/unit/test_telegram_signaling.py::TestAlertPolicy::test_host_down_after_three_missed_heartbeats
tests/unit/test_telegram_signaling.py::TestAlertPolicy::test_storage_trigger_at_eighty_percent
tests/unit/test_telegram_signaling.py::TestAlertPolicy::test_log_retention_is_ninety_days
tests/unit/test_telegram_signaling.py::TestAlertPolicy::test_the_p1_veto_alert_is_built_from_fired_numbers
tests/unit/test_telegram_signaling.py::TestAlertPolicy::test_no_veto_and_no_margin_pressure_means_no_alert
tests/unit/test_telegram_signaling.py::TestAlertPolicy::test_a_margin_warning_is_a_p1_alert
tests/unit/test_telegram_signaling.py::TestAlertPolicy::test_declared_delivery_targets_are_unverified
tests/unit/test_telegram_signaling.py::TestNeverBlocksExecution::test_a_dead_transport_does_not_raise_out_of_the_alert_path
tests/unit/test_telegram_signaling.py::TestNeverBlocksExecution::test_a_signaling_failure_never_mutates_market_state
tests/unit/test_telegram_signaling.py::TestCharts::test_the_chart_is_exactly_1200x800_png_in_memory
tests/unit/test_telegram_signaling.py::TestCharts::test_market_profile_is_always_unavailable
tests/unit/test_telegram_signaling.py::TestCharts::test_an_unknown_layer_is_refused
tests/unit/test_telegram_signaling.py::TestCharts::test_the_overlay_layer_list_is_the_frozen_one
tests/unit/test_telegram_signaling.py::TestCharts::test_agg_is_selected_before_pyplot_is_imported
tests/unit/test_telegram_signaling.py::TestCharts::test_zero_display_calls_anywhere_in_the_repository
tests/unit/test_telegram_signaling.py::TestCharts::test_charts_are_never_written_to_the_filesystem
tests/unit/test_telegram_signaling.py::TestSecrets::test_a_missing_bot_token_is_e_tele_001
tests/unit/test_telegram_signaling.py::TestSecrets::test_the_token_is_never_hardcoded_in_the_module
tests/unit/test_telegram_signaling.py::TestSecrets::test_no_secret_material_reaches_a_message
tests/unit/test_telegram_signaling.py::TestSecrets::test_the_aiogram_transport_is_built_only_from_the_environment
tests/unit/test_toobit_adapter.py::TestConformanceFixture::test_fixture_is_hash_sealed
tests/unit/test_toobit_adapter.py::TestConformanceFixture::test_fixture_covers_every_operation
tests/unit/test_toobit_adapter.py::TestConformanceFixture::test_case[C-01]
tests/unit/test_toobit_adapter.py::TestConformanceFixture::test_case[C-02]
tests/unit/test_toobit_adapter.py::TestConformanceFixture::test_case[C-03]
tests/unit/test_toobit_adapter.py::TestConformanceFixture::test_case[C-04]
tests/unit/test_toobit_adapter.py::TestConformanceFixture::test_case[C-05]
tests/unit/test_toobit_adapter.py::TestConformanceFixture::test_case[C-06]
tests/unit/test_toobit_adapter.py::TestConformanceFixture::test_case[C-07]
tests/unit/test_toobit_adapter.py::TestConformanceFixture::test_case[C-08]
tests/unit/test_toobit_adapter.py::TestConformanceFixture::test_case[C-09]
tests/unit/test_toobit_adapter.py::TestConformanceFixture::test_case[C-10]
tests/unit/test_toobit_adapter.py::TestConformanceFixture::test_case[C-11]
tests/unit/test_toobit_adapter.py::TestConformanceFixture::test_case[C-12]
tests/unit/test_toobit_adapter.py::TestConformanceFixture::test_case[C-13]
tests/unit/test_toobit_adapter.py::TestConformanceFixture::test_case[C-14]
tests/unit/test_toobit_adapter.py::TestConformanceFixture::test_case[C-15]
tests/unit/test_toobit_adapter.py::TestConformanceFixture::test_case[C-16]
tests/unit/test_toobit_adapter.py::TestConformanceFixture::test_case[C-17]
tests/unit/test_toobit_adapter.py::TestConformanceFixture::test_case[C-18]
tests/unit/test_toobit_adapter.py::TestConformanceFixture::test_case[C-19]
tests/unit/test_toobit_adapter.py::TestFiveOperationsLaw::test_adapter_exposes_exactly_five_operations
tests/unit/test_toobit_adapter.py::TestFiveOperationsLaw::test_each_operation_is_a_public_coroutine[cancel_order]
tests/unit/test_toobit_adapter.py::TestFiveOperationsLaw::test_each_operation_is_a_public_coroutine[query_account_margin_health]
tests/unit/test_toobit_adapter.py::TestFiveOperationsLaw::test_each_operation_is_a_public_coroutine[query_open_positions]
tests/unit/test_toobit_adapter.py::TestFiveOperationsLaw::test_each_operation_is_a_public_coroutine[query_order_state]
tests/unit/test_toobit_adapter.py::TestFiveOperationsLaw::test_each_operation_is_a_public_coroutine[submit_order]
tests/unit/test_toobit_adapter.py::TestFiveOperationsLaw::test_no_forbidden_operation_exists_on_the_adapter[auto_add_margin]
tests/unit/test_toobit_adapter.py::TestFiveOperationsLaw::test_no_forbidden_operation_exists_on_the_adapter[flashClose]
tests/unit/test_toobit_adapter.py::TestFiveOperationsLaw::test_no_forbidden_operation_exists_on_the_adapter[reversePosition]
tests/unit/test_toobit_adapter.py::TestFiveOperationsLaw::test_no_forbidden_operation_exists_on_the_adapter[transfer]
tests/unit/test_toobit_adapter.py::TestFiveOperationsLaw::test_no_forbidden_operation_exists_on_the_adapter[withdraw]
tests/unit/test_toobit_adapter.py::TestFiveOperationsLaw::test_no_sixth_operation_method
tests/unit/test_toobit_adapter.py::TestFiveOperationsLaw::test_unlisted_path_is_never_requested
tests/unit/test_toobit_adapter.py::TestNoSilentRetries::test_backoff_retries_are_audited_with_unique_keys
tests/unit/test_toobit_adapter.py::TestNoSilentRetries::test_never_more_than_three_attempts
tests/unit/test_toobit_adapter.py::TestNoSilentRetries::test_unknown_and_abort_never_retry
tests/unit/test_toobit_adapter.py::TestNoSilentRetries::test_audit_trail_is_an_immutable_tuple_view
tests/unit/test_toobit_adapter.py::TestAdapterStateProtection::test_callers_cannot_mutate_adapter_state[_audit]
tests/unit/test_toobit_adapter.py::TestAdapterStateProtection::test_callers_cannot_mutate_adapter_state[_buckets]
tests/unit/test_toobit_adapter.py::TestAdapterStateProtection::test_callers_cannot_mutate_adapter_state[_clock]
tests/unit/test_toobit_adapter.py::TestAdapterStateProtection::test_callers_cannot_mutate_adapter_state[_config]
tests/unit/test_toobit_adapter.py::TestAdapterStateProtection::test_callers_cannot_mutate_adapter_state[_disabled]
tests/unit/test_toobit_adapter.py::TestAdapterStateProtection::test_callers_cannot_mutate_adapter_state[_duplicates]
tests/unit/test_toobit_adapter.py::TestAdapterStateProtection::test_callers_cannot_mutate_adapter_state[_transport]
tests/unit/test_toobit_adapter.py::TestAdapterStateProtection::test_callers_cannot_mutate_adapter_state[_utc_now]
tests/unit/test_toobit_adapter.py::TestAdapterStateProtection::test_state_view_is_read_only
tests/unit/test_toobit_adapter.py::TestAdapterStateProtection::test_result_types_are_frozen[AdapterResult]
tests/unit/test_toobit_adapter.py::TestAdapterStateProtection::test_result_types_are_frozen[AttemptRecord]
tests/unit/test_toobit_adapter.py::TestAdapterStateProtection::test_result_types_are_frozen[AdapterState]
tests/unit/test_toobit_adapter.py::TestAdapterStateProtection::test_result_types_are_frozen[TokenBucketState]
tests/unit/test_toobit_adapter.py::TestAdapterStateProtection::test_interval_registry_is_written_only_by_the_adapter
tests/unit/test_toobit_adapter.py::TestSignedGating::test_allow_signed_off_refuses_every_signed_call
tests/unit/test_toobit_adapter.py::TestSignedGating::test_missing_credentials_fail_closed[None-TEST_SECRET_CP7]
tests/unit/test_toobit_adapter.py::TestSignedGating::test_missing_credentials_fail_closed[TEST_KEY_CP7-None]
tests/unit/test_toobit_adapter.py::TestSignedGating::test_missing_credentials_fail_closed[None-None]
tests/unit/test_toobit_adapter.py::TestSignedGating::test_secrets_never_appear_in_results_or_errors
tests/unit/test_toobit_adapter.py::TestSignedGating::test_every_signed_request_is_correctly_signed
tests/unit/test_toobit_adapter.py::TestRateBucket::test_bucket_constants_are_the_governed_literals
tests/unit/test_toobit_adapter.py::TestRateBucket::test_exhausted_bucket_is_never_dropped_and_never_sends
tests/unit/test_toobit_adapter.py::TestRateBucket::test_bucket_refills_with_the_clock
tests/unit/test_toobit_adapter.py::TestPreSubmissionRefusals::test_intent_id_is_mandatory
tests/unit/test_toobit_adapter.py::TestPreSubmissionRefusals::test_market_order_type_is_refused
tests/unit/test_toobit_adapter.py::TestPreSubmissionRefusals::test_flat_direction_has_no_side
tests/unit/test_toobit_adapter.py::TestPreSubmissionRefusals::test_cancel_scope_vocabulary
tests/unit/test_toobit_adapter.py::TestPreSubmissionRefusals::test_single_query_needs_an_identity
tests/unit/test_toobit_adapter.py::TestPreSubmissionRefusals::test_query_scope_vocabulary
tests/unit/test_toobit_adapter.py::TestPreSubmissionRefusals::test_money_and_prices_stay_text_at_the_boundary
tests/unit/test_toobit_adapter.py::TestTransportSeam::test_no_session_is_fail_closed
tests/unit/test_toobit_adapter.py::TestTransportSeam::test_timeout_becomes_unknown_never_an_exception_to_the_caller
tests/unit/test_toobit_adapter.py::TestTransportSeam::test_unexpected_transport_fault_is_unknown_not_a_crash
tests/unit/test_toobit_adapter.py::TestWaveOutSurface::test_forbidden_operation_is_wave_out_at_the_map
tests/unit/test_toobit_adapter.py::TestWaveOutSurface::test_adapter_never_calls_a_forbidden_operation
tests/unit/test_toobit_map.py::TestSymbolAndIntervalMap::test_symbol_map_exact[ADAUSDT-ADA-SWAP-USDT]
tests/unit/test_toobit_map.py::TestSymbolAndIntervalMap::test_symbol_map_exact[AVAXUSDT-AVAX-SWAP-USDT]
tests/unit/test_toobit_map.py::TestSymbolAndIntervalMap::test_symbol_map_exact[BNBUSDT-BNB-SWAP-USDT]
tests/unit/test_toobit_map.py::TestSymbolAndIntervalMap::test_symbol_map_exact[BTCUSDT-BTC-SWAP-USDT]
tests/unit/test_toobit_map.py::TestSymbolAndIntervalMap::test_symbol_map_exact[DOGEUSDT-DOGE-SWAP-USDT]
tests/unit/test_toobit_map.py::TestSymbolAndIntervalMap::test_symbol_map_exact[ETHUSDT-ETH-SWAP-USDT]
tests/unit/test_toobit_map.py::TestSymbolAndIntervalMap::test_symbol_map_exact[LINKUSDT-LINK-SWAP-USDT]
tests/unit/test_toobit_map.py::TestSymbolAndIntervalMap::test_symbol_map_exact[LTCUSDT-LTC-SWAP-USDT]
tests/unit/test_toobit_map.py::TestSymbolAndIntervalMap::test_symbol_map_exact[SOLUSDT-SOL-SWAP-USDT]
tests/unit/test_toobit_map.py::TestSymbolAndIntervalMap::test_symbol_map_exact[XRPUSDT-XRP-SWAP-USDT]
tests/unit/test_toobit_map.py::TestSymbolAndIntervalMap::test_symbol_map_is_exactly_core10
tests/unit/test_toobit_map.py::TestSymbolAndIntervalMap::test_all_wire_symbols_are_swap_usdt
tests/unit/test_toobit_map.py::TestSymbolAndIntervalMap::test_unknown_symbol_fails_closed
tests/unit/test_toobit_map.py::TestSymbolAndIntervalMap::test_interval_map_is_only_1mo
tests/unit/test_toobit_map.py::TestSymbolAndIntervalMap::test_fourteen_timeframes_supported
tests/unit/test_toobit_map.py::TestSymbolAndIntervalMap::test_3d_is_rejected_not_invented
tests/unit/test_toobit_map.py::TestFiveOperations::test_exactly_five_operations
tests/unit/test_toobit_map.py::TestFiveOperations::test_one_endpoint_per_operation[cancel_order]
tests/unit/test_toobit_map.py::TestFiveOperations::test_one_endpoint_per_operation[query_account_margin_health]
tests/unit/test_toobit_map.py::TestFiveOperations::test_one_endpoint_per_operation[query_open_positions]
tests/unit/test_toobit_map.py::TestFiveOperations::test_one_endpoint_per_operation[query_order_state]
tests/unit/test_toobit_map.py::TestFiveOperations::test_one_endpoint_per_operation[submit_order]
tests/unit/test_toobit_map.py::TestFiveOperations::test_primary_endpoints_exact
tests/unit/test_toobit_map.py::TestFiveOperations::test_auxiliary_paths_bound_to_operations_only
tests/unit/test_toobit_map.py::TestFiveOperations::test_wire_lists_are_6_public_and_11_signed
tests/unit/test_toobit_map.py::TestFiveOperations::test_unlisted_path_is_never_requested
tests/unit/test_toobit_map.py::TestFiveOperations::test_forbidden_operations_are_wave_out[auto_add_margin]
tests/unit/test_toobit_map.py::TestFiveOperations::test_forbidden_operations_are_wave_out[flashClose]
tests/unit/test_toobit_map.py::TestFiveOperations::test_forbidden_operations_are_wave_out[reversePosition]
tests/unit/test_toobit_map.py::TestFiveOperations::test_forbidden_operations_are_wave_out[transfer]
tests/unit/test_toobit_map.py::TestFiveOperations::test_forbidden_operations_are_wave_out[withdraw]
tests/unit/test_toobit_map.py::TestFiveOperations::test_unknown_operation_fails_closed
tests/unit/test_toobit_map.py::TestSidesAndOrderDefaults::test_four_sides_exactly
tests/unit/test_toobit_map.py::TestSidesAndOrderDefaults::test_side_for[LONG-entry-BUY_OPEN]
tests/unit/test_toobit_map.py::TestSidesAndOrderDefaults::test_side_for[SHORT-entry-SELL_OPEN]
tests/unit/test_toobit_map.py::TestSidesAndOrderDefaults::test_side_for[LONG-flatten-SELL_CLOSE]
tests/unit/test_toobit_map.py::TestSidesAndOrderDefaults::test_side_for[SHORT-flatten-BUY_CLOSE]
tests/unit/test_toobit_map.py::TestSidesAndOrderDefaults::test_order_defaults_governed_table
tests/unit/test_toobit_map.py::TestSidesAndOrderDefaults::test_market_order_type_is_forbidden
tests/unit/test_toobit_map.py::TestSidesAndOrderDefaults::test_account_mode_isolated_oneway_only
tests/unit/test_toobit_map.py::TestBusinessCodeClassification::test_success_requires_code_and_http_200[0]
tests/unit/test_toobit_map.py::TestBusinessCodeClassification::test_success_requires_code_and_http_200[200]
tests/unit/test_toobit_map.py::TestBusinessCodeClassification::test_success_code_with_non_200_http_is_unknown
tests/unit/test_toobit_map.py::TestBusinessCodeClassification::test_backoff_code_is_1003_with_1_2_4
tests/unit/test_toobit_map.py::TestBusinessCodeClassification::test_retry_policy_is_never_silent
tests/unit/test_toobit_map.py::TestBusinessCodeClassification::test_abort_code_is_1022_no_retry
tests/unit/test_toobit_map.py::TestBusinessCodeClassification::test_interval_unsupported_code_is_1120
tests/unit/test_toobit_map.py::TestBusinessCodeClassification::test_unknown_outcome_codes_never_resubmit[-1147]
tests/unit/test_toobit_map.py::TestBusinessCodeClassification::test_unknown_outcome_codes_never_resubmit[-1146]
tests/unit/test_toobit_map.py::TestBusinessCodeClassification::test_unknown_outcome_codes_never_resubmit[-1007]
tests/unit/test_toobit_map.py::TestBusinessCodeClassification::test_unknown_outcome_codes_never_resubmit[-1006]
tests/unit/test_toobit_map.py::TestBusinessCodeClassification::test_timeout_is_unknown_and_never_resubmits
tests/unit/test_toobit_map.py::TestBusinessCodeClassification::test_undocumented_codes_fail_closed[-2026]
tests/unit/test_toobit_map.py::TestBusinessCodeClassification::test_undocumented_codes_fail_closed[-1021]
tests/unit/test_toobit_map.py::TestBusinessCodeClassification::test_arbitrary_unmapped_code_fails_closed
tests/unit/test_toobit_map.py::TestBusinessCodeClassification::test_outcome_classes_are_exactly_six
tests/unit/test_toobit_map.py::TestBusinessCodeClassification::test_exchange_status_map[CANCELED-CANCELLED]
tests/unit/test_toobit_map.py::TestBusinessCodeClassification::test_exchange_status_map[CANCELLED-CANCELLED]
tests/unit/test_toobit_map.py::TestBusinessCodeClassification::test_exchange_status_map[EXPIRED-UNKNOWN]
tests/unit/test_toobit_map.py::TestBusinessCodeClassification::test_exchange_status_map[FILLED-FILLED]
tests/unit/test_toobit_map.py::TestBusinessCodeClassification::test_exchange_status_map[NEW-ACKNOWLEDGED]
tests/unit/test_toobit_map.py::TestBusinessCodeClassification::test_exchange_status_map[PARTIALLY_CANCELED-UNKNOWN]
tests/unit/test_toobit_map.py::TestBusinessCodeClassification::test_exchange_status_map[PARTIALLY_FILLED-PARTIAL]
tests/unit/test_toobit_map.py::TestBusinessCodeClassification::test_exchange_status_map[PENDING_CANCEL-UNKNOWN]
tests/unit/test_toobit_map.py::TestBusinessCodeClassification::test_exchange_status_map[REJECTED-REJECTED]
tests/unit/test_toobit_map.py::TestBusinessCodeClassification::test_unmapped_exchange_status_is_unknown_reconcile
tests/unit/test_toobit_map.py::TestLeverageMinOverAllCaps::test_tf_caps_exact
tests/unit/test_toobit_map.py::TestLeverageMinOverAllCaps::test_exchange_max_per_symbol
tests/unit/test_toobit_map.py::TestLeverageMinOverAllCaps::test_leverage_is_min_over_all_caps_not_last_writer
tests/unit/test_toobit_map.py::TestLeverageMinOverAllCaps::test_owner_cap_can_only_lower
tests/unit/test_toobit_map.py::TestLeverageMinOverAllCaps::test_never_125x
tests/unit/test_toobit_map.py::TestLeverageMinOverAllCaps::test_unknown_timeframe_fails_closed
tests/unit/test_toobit_map.py::TestNumericalFloorAndSigning::test_quantity_floors_to_step_never_rounds_up
tests/unit/test_toobit_map.py::TestNumericalFloorAndSigning::test_price_floors_to_tick
tests/unit/test_toobit_map.py::TestNumericalFloorAndSigning::test_min_notional_gate
tests/unit/test_toobit_map.py::TestNumericalFloorAndSigning::test_money_stays_decimal_text
tests/unit/test_toobit_map.py::TestNumericalFloorAndSigning::test_signed_query_is_hmac_sha256_with_recv_window
tests/unit/test_toobit_map.py::TestNumericalFloorAndSigning::test_signed_request_descriptor_never_carries_the_secret
tests/unit/test_toobit_map.py::TestNumericalFloorAndSigning::test_idempotency_key_is_sha256_of_four_fields
tests/unit/test_toobit_map.py::TestNumericalFloorAndSigning::test_order_submission_ttl_is_60_seconds
tests/unit/test_toobit_map.py::TestRolloverAndFunding::test_rollover_blocks_inside_seven_days
tests/unit/test_toobit_map.py::TestRolloverAndFunding::test_rollover_allowed_outside_seven_days
tests/unit/test_toobit_map.py::TestRolloverAndFunding::test_perpetual_has_no_expiry
tests/unit/test_toobit_map.py::TestRolloverAndFunding::test_funding_alert_threshold
tests/unit/test_toobit_public.py::TestWireMaps::test_symbol_map
tests/unit/test_toobit_public.py::TestWireMaps::test_interval_map
tests/unit/test_toobit_public.py::TestKlineParsing::test_parse_list_row
tests/unit/test_toobit_public.py::TestKlineParsing::test_parse_dict_row
tests/unit/test_toobit_public.py::TestKlineParsing::test_bad_row_fails_closed
tests/unit/test_toobit_public.py::TestRetryDiscipline::test_retry_then_success_with_backoff
tests/unit/test_toobit_public.py::TestRetryDiscipline::test_retry_exhausted_fails_closed
tests/unit/test_toobit_public.py::TestRetryDiscipline::test_429_too_many_requests
tests/unit/test_toobit_public.py::TestEndpoints::test_open_interest_missing_never_zero
tests/unit/test_toobit_public.py::TestEndpoints::test_open_interest_value
tests/unit/test_toobit_public.py::TestEndpoints::test_funding_rate_alert_threshold
tests/unit/test_toobit_public.py::TestEndpoints::test_funding_rate_no_alert
tests/unit/test_toobit_public.py::TestEndpoints::test_klines_limit_cap
tests/unit/test_toobit_public.py::TestDevicePayloadsAndResponseShapes::test_klines_bare_array_real_device_payload
tests/unit/test_toobit_public.py::TestDevicePayloadsAndResponseShapes::test_klines_bare_array_dict_rows
tests/unit/test_toobit_public.py::TestDevicePayloadsAndResponseShapes::test_klines_wrapped_dict_code_zero
tests/unit/test_toobit_public.py::TestDevicePayloadsAndResponseShapes::test_klines_wrapped_dict_without_code
tests/unit/test_toobit_public.py::TestDevicePayloadsAndResponseShapes::test_klines_wrapped_dict_nested_list_key
tests/unit/test_toobit_public.py::TestDevicePayloadsAndResponseShapes::test_klines_legitimate_empty_bare_array_200
tests/unit/test_toobit_public.py::TestDevicePayloadsAndResponseShapes::test_klines_legitimate_wrapped_empty_data_200
tests/unit/test_toobit_public.py::TestDevicePayloadsAndResponseShapes::test_open_interest_bare_object_real_device_payload
tests/unit/test_toobit_public.py::TestDevicePayloadsAndResponseShapes::test_open_interest_bare_object_oi_key
tests/unit/test_toobit_public.py::TestDevicePayloadsAndResponseShapes::test_open_interest_wrapped_dict
tests/unit/test_toobit_public.py::TestDevicePayloadsAndResponseShapes::test_depth_bare_object_real_device_payload
tests/unit/test_toobit_public.py::TestDevicePayloadsAndResponseShapes::test_depth_wrapped_dict
tests/unit/test_toobit_public.py::TestDevicePayloadsAndResponseShapes::test_funding_rate_bare_array_real_device_payload
tests/unit/test_toobit_public.py::TestDevicePayloadsAndResponseShapes::test_funding_rate_bare_dict
tests/unit/test_toobit_public.py::TestRateLimitAndErrorHandling::test_rate_limit_1003_on_200_raises_toobit_public_error_with_marker
tests/unit/test_toobit_public.py::TestRateLimitAndErrorHandling::test_rate_limit_1003_on_200_bootstrap_maps_to_backoff
tests/unit/test_toobit_public.py::TestRateLimitAndErrorHandling::test_non_zero_error_code_never_yields_empty_rows
tests/unit/test_toobit_public.py::TestRateLimitAndErrorHandling::test_positive_error_code_never_yields_empty_rows
tests/unit/test_toobit_public.py::TestRateLimitAndErrorHandling::test_unexpected_shape_fails_closed
tests/unit/test_toobit_public.py::TestRateLimitAndErrorHandling::test_unwrap_toobit_response_all_shapes

3051 tests collected in 0.81s
